keniox download,1,http://www.lotto-solutions.com/Keniox/Download_pl.aspx

keniox download,2,http://www.lotto-solutions.com/Keniox/Download.aspx

keniox download,3,https://www.facebook.com/1879047805666064/posts/a-new-version-190-of-keniox-software-is-available-now-with-some-improved-option-/1959736217597222/

keniox download,4,https://forum.multipasko.pl/n_viewtopic.php?id=4054&page=2&sort=&dir=

keniox download,5,https://legalne.info.pl/wyszukaj/Nazwa-keniox

keniox download,6,http://pinger.pl/szukaj/po_tagu/?t=Keniox%20download%20free

keniox download,7,https://download.komputerswiat.pl/dom-i-hobby/lotto/kenosys

keniox download,8,https://download.komputerswiat.pl/dom-i-hobby/lotto/multisys

keniox download,9,http://www.lottoprogram.info/

keniox download,10,http://totostat.byethost7.com/download.html

lotto,1,https://www.lotto.pl/

lotto,2,https://wiadomosci.onet.pl/kraj/lotto-wyniki-losowania-z-25062020/6411z0d

lotto,3,"https://wiadomosci.gazeta.pl/wiadomosci/7,157710,26070499,wyniki-losowania-lotto-25-06-2020-lotto-lotto-plus-multi.html"

lotto,4,https://dziennikbaltycki.pl/wyniki-lotto-25062020-r-duzy-lotek-kumulacja-do-wygrania-5-000-000-zl-losowanie-i-numery-lotto-25-czerwca-2020-r/ar/c3-15040102

lotto,5,http://megalotto.pl/

lotto,6,https://wynikilotto.com.pl/

lotto,7,http://lotto-centrum.com/

lotto,8,"https://lotto.gazeta.pl/lotto/0,0.html"

lotto,9,https://wiadomosci.wp.pl/wyniki-lotto-25062020-losowania-lotto-lotto-plus-multi-multi-ekstra-pensja-kaskada-mini-lotto-super-szansa-6525273428166785a

lotto,10,https://wiadomosci.wp.pl/wyniki-lotto-24062020-losowania-multi-multi-ekstra-pensja-kaskada-mini-lotto-super-szansa-6524933529213057a

wyniki lotto archiwum,1,http://megalotto.pl/wyniki/lotto

wyniki lotto archiwum,2,http://megalotto.pl/wyniki/lotto/losowania-z-roku-1973

wyniki lotto archiwum,3,http://megalotto.pl/wyniki/lotto/losowania-z-roku-2018

wyniki lotto archiwum,4,http://megalotto.pl/wyniki/lotto/losowania-z-roku-2019

wyniki lotto archiwum,5,http://megalotto.pl/wyniki/lotto/losowania-z-roku-1992

wyniki lotto archiwum,6,http://megalotto.pl/lotto/wyniki

wyniki lotto archiwum,7,https://www.multipasko.pl/wyniki-lotto/duzy-lotek/

wyniki lotto archiwum,8,https://www.wynikilotto.net.pl/lotto/wyniki/

wyniki lotto archiwum,9,https://www.lotto.pl/lotto/wyniki-i-wygrane

wyniki lotto archiwum,10,http://www.lotto.pl/lotto/wyniki-i-wygrane/ostatnie-wyniki

lotto program,1,https://www.cichy.net.pl/lotto.html

lotto program,2,https://www.youtube.com/watch?v=tUwuV27V5ss

lotto program,3,https://download.komputerswiat.pl/dom-i-hobby/lotto

lotto program,4,https://www.multipasko.pl/programy/multipairs/

lotto program,5,https://www.telemagazyn.pl/tv/studio-lotto-15137/

lotto program,6,http://www.lotto-solutions.com/

lotto program,7,"https://www.dobreprogramy.pl/Pomocnik-gracza-LOTTO,Program,Windows,48880.html"

lotto program,8,https://www.wynikilotto.net.pl/narzedzia/programy/

lotto program,9,http://lotto.org.pl/

lotto program,10,https://www.otolotto.com.pl/

systemy multi multi na 40 liczb,1,https://www.multipasko.pl/news7.html

systemy multi multi na 40 liczb,2,https://forum.multipasko.pl/n_viewtopic.php?id=4870

systemy multi multi na 40 liczb,3,https://forum.multipasko.pl/n_viewtopic.php?id=304

systemy multi multi na 40 liczb,4,https://forum.multipasko.pl/n_viewtopic.php?id=4994

systemy multi multi na 40 liczb,5,https://forum.multipasko.pl/n_viewtopic.php?id=3378

systemy multi multi na 40 liczb,6,https://forum.multipasko.pl/n_viewtopic.php?id=4850

systemy multi multi na 40 liczb,7,https://www.youtube.com/watch?v=6t3FwHG-6AY

systemy multi multi na 40 liczb,8,https://lotto49.wixsite.com/mojawitryna

systemy multi multi na 40 liczb,9,http://mavelle.wroclaw.pl/zestawy.php

systemy multi multi na 40 liczb,10,http://www.programylotto.pl/skrocone.php

systemy liczbowe,1,https://en.wikipedia.org/wiki/Numeral_system

systemy liczbowe,2,https://pl.wikipedia.org/wiki/System_liczbowy

systemy liczbowe,3,https://pl.wikipedia.org/wiki/Dziesi%C4%99tny_system_liczbowy

systemy liczbowe,4,https://pl.wikipedia.org/wiki/Dw%C3%B3jkowy_system_liczbowy

systemy liczbowe,5,https://pl.wikipedia.org/wiki/Grecki_system_liczbowy

systemy liczbowe,6,http://utk.edu.pl/systemy-liczbowe/2-systemy-liczbowe-w-informatyce/

systemy liczbowe,7,https://www.youtube.com/watch?v=VUHwfugYFEA

systemy liczbowe,8,https://www.bryk.pl/wypracowania/pozostale/informatyka/13957-systemy-liczbowe-w-informatyce.html

systemy liczbowe,9,http://www.math.edu.pl/systemy-liczbowe

systemy liczbowe,10,http://www.algorytm.edu.pl/systemy-liczbowe.html

mini lotto system,1,https://forum.multipasko.pl/n_viewtopic.php?id=3025

mini lotto system,2,https://forum.multipasko.pl/n_viewtopic.php?id=5059

mini lotto system,3,https://forum.multipasko.pl/n_viewtopic.php?id=4806

mini lotto system,4,https://forum.multipasko.pl/n_viewtopic.php?id=4023

mini lotto system,5,https://forum.multipasko.pl/n_viewtopic.php?id=4489

mini lotto system,6,https://www.youtube.com/watch?v=3o84k1N8PAM

mini lotto system,7,https://www.youtube.com/watch?v=c8_XollV404

mini lotto system,8,http://lotto-centrum.com/mini_lotto/zaklady_systemowe.php5

mini lotto system,9,https://gry.lotto.pl/pl/mini-lotto.html

mini lotto system,10,http://www.lotto.pl/mini-lotto/wyniki-i-wygrane/wygrane?order=system

system mini lotto,1,https://forum.multipasko.pl/n_viewtopic.php?id=3025

system mini lotto,2,https://forum.multipasko.pl/n_viewtopic.php?id=5059

system mini lotto,3,https://forum.multipasko.pl/n_viewtopic.php?id=4023

system mini lotto,4,https://forum.multipasko.pl/n_viewtopic.php?id=4806

system mini lotto,5,https://forum.multipasko.pl/n_viewtopic.php?id=4489

system mini lotto,6,https://www.youtube.com/watch?v=3o84k1N8PAM

system mini lotto,7,https://www.youtube.com/watch?v=c8_XollV404

system mini lotto,8,http://www.lotto.pl/mini-lotto/wyniki-i-wygrane/wygrane?order=system

system mini lotto,9,https://gry.lotto.pl/pl/mini-lotto.html

system mini lotto,10,https://www.lotto.pl/mini-lotto/wyniki-i-wygrane

it is more risky,1,https://hinative.com/en-US/questions/1639570

it is more risky,2,https://www.oxfordlearnersdictionaries.com/definition/english/risky

it is more risky,3,https://www.learnersdictionary.com/definition/risky

it is more risky,4,https://textranch.com/184245/riskier/or/more-risky/

it is more risky,5,https://www.linguee.com/english-polish/translation/is+more+risky.html

it is more risky,6,https://www.merriam-webster.com/dictionary/risky

it is more risky,7,https://www.ldoceonline.com/dictionary/risky

it is more risky,8,https://sentence.yourdictionary.com/risky

it is more risky,9,https://www.powerthesaurus.org/more_risky/synonyms

it is more risky,10,https://dictionary.cambridge.org/dictionary/english/risky

it is more riskier,1,https://hinative.com/en-US/questions/1639570

it is more riskier,2,https://www.oxfordlearnersdictionaries.com/definition/english/risky

it is more riskier,3,https://www.collinsdictionary.com/dictionary/english/riskier

it is more riskier,4,https://www.learnersdictionary.com/definition/risky

it is more riskier,5,https://textranch.com/184245/riskier/or/more-risky/

it is more riskier,6,https://www.merriam-webster.com/dictionary/risky

it is more riskier,7,https://www.yourdictionary.com/riskier

it is more riskier,8,https://sentence.yourdictionary.com/risky

it is more riskier,9,https://forum.wordreference.com/threads/more-risky-riskier.3071801/

it is more riskier,10,https://www.wordwebonline.com/en/RISKY

it is more safe,1,https://www.italki.com/question/56065?hl=pl

it is more safe,2,https://preply.com/en/question/safer-and-more-safe-41347

it is more safe,3,https://www.grammarphobia.com/blog/2011/06/safe-safer-safest.html

it is more safe,4,https://www.quora.com/What-is-the-comparative-form-of-safe-safer-or-more-safe

it is more safe,5,https://www.quora.com/Should-I-travel-by-train-or-by-plane-Which-is-more-safe

it is more safe,6,https://www.quora.com/Which-is-grammatically-correct-more-safe-or-safer-1

it is more safe,7,https://forum.wordreference.com/threads/safer-more-safe-and-much-safer-noun.3425833/

it is more safe,8,https://forum.wordreference.com/threads/safer-vs-more-safe.3013757/

it is more safe,9,https://forum.wordreference.com/threads/it-is-more-safety-to-do.156958/

it is more safe,10,https://context.reverso.net/t%C5%82umaczenie/angielski-polski/more+safe

it is safer,1,https://context.reverso.net/translation/english-polish/It+is+safer

it is safer,2,https://www.italki.com/question/56065?hl=pl

it is safer,3,https://preply.com/en/question/safer-and-more-safe-41347

it is safer,4,https://sentence.yourdictionary.com/safer

it is safer,5,https://www.dictionary.com/browse/safer

it is safer,6,https://dictionary.cambridge.org/dictionary/english/safe

it is safer,7,https://www.grammarphobia.com/blog/2011/06/safe-safer-safest.html

it is safer,8,https://www.ldoceonline.com/dictionary/safe

