query_id,query,result position,url
1,anchoring (fallacy OR bias OR heuristic) (coronavirus OR covid OR pandemic),1,https://blogs.bmj.com/bmj/2020/06/09/covid-19-and-cognitive-bias/
1,anchoring (fallacy OR bias OR heuristic) (coronavirus OR covid OR pandemic),2,https://www.sciencedirect.com/science/article/abs/pii/S1053535710001411
1,anchoring (fallacy OR bias OR heuristic) (coronavirus OR covid OR pandemic),3,https://towardsdatascience.com/overcoming-confirmation-bias-during-covid-19-51a64205eceb
1,anchoring (fallacy OR bias OR heuristic) (coronavirus OR covid OR pandemic),4,https://www.convergeinternational.com.au/cvi/about-us/resources/blogs/cognitive-bias-and-impact-of-covid-19/2020/03/17/cognitive-bias-and-impact-of-covid-19
1,anchoring (fallacy OR bias OR heuristic) (coronavirus OR covid OR pandemic),5,https://greatergood.berkeley.edu/article/item/how_to_be_intentional_about_consuming_coronavirus_news
1,anchoring (fallacy OR bias OR heuristic) (coronavirus OR covid OR pandemic),6,https://www.sciencedaily.com/terms/anchoring.htm
1,anchoring (fallacy OR bias OR heuristic) (coronavirus OR covid OR pandemic),7,https://medium.com/age-of-awareness/how-our-mind-is-responding-to-covid-19-238845f20188
1,anchoring (fallacy OR bias OR heuristic) (coronavirus OR covid OR pandemic),8,https://www.medpagetoday.com/infectiousdisease/covid19/85937
1,anchoring (fallacy OR bias OR heuristic) (coronavirus OR covid OR pandemic),9,https://www.verywellmind.com/what-is-the-anchoring-bias-2795029
1,anchoring (fallacy OR bias OR heuristic) (coronavirus OR covid OR pandemic),10,https://www.psychologytoday.com/intl/basics/heuristics
2,(availability OR ease of recall) (fallacy OR bias OR heuristic) (coronavirus OR covid OR pandemic),1,https://en.wikipedia.org/wiki/Availability_heuristic
2,(availability OR ease of recall) (fallacy OR bias OR heuristic) (coronavirus OR covid OR pandemic),2,https://en.wikipedia.org/wiki/Availability_heuristic#Overview_and_history
2,(availability OR ease of recall) (fallacy OR bias OR heuristic) (coronavirus OR covid OR pandemic),3,https://en.wikipedia.org/wiki/Availability_heuristic#Research
2,(availability OR ease of recall) (fallacy OR bias OR heuristic) (coronavirus OR covid OR pandemic),4,https://en.wikipedia.org/wiki/Availability_heuristic#Explanations
2,(availability OR ease of recall) (fallacy OR bias OR heuristic) (coronavirus OR covid OR pandemic),5,https://en.wikipedia.org/wiki/Availability_heuristic#Applications
2,(availability OR ease of recall) (fallacy OR bias OR heuristic) (coronavirus OR covid OR pandemic),6,https://fs.blog/2011/08/mental-model-availability-bias/
2,(availability OR ease of recall) (fallacy OR bias OR heuristic) (coronavirus OR covid OR pandemic),7,https://www.verywellmind.com/availability-heuristic-2794824
2,(availability OR ease of recall) (fallacy OR bias OR heuristic) (coronavirus OR covid OR pandemic),8,https://www.welcometothejungle.com/en/articles/cognitive-bias-covid
2,(availability OR ease of recall) (fallacy OR bias OR heuristic) (coronavirus OR covid OR pandemic),9,https://www.behavioraleconomics.com/resources/mini-encyclopedia-of-be/availability-heuristic/
2,(availability OR ease of recall) (fallacy OR bias OR heuristic) (coronavirus OR covid OR pandemic),10,https://medicalxpress.com/news/2020-03-covid-pervasive-infection.html
3,certainty effect (fallacy OR bias OR heuristic) (coronavirus OR covid OR pandemic),1,https://jamanetwork.com/journals/jama/fullarticle/2767950
3,certainty effect (fallacy OR bias OR heuristic) (coronavirus OR covid OR pandemic),2,https://www.sciencedirect.com/science/article/pii/S0749597801929760
3,certainty effect (fallacy OR bias OR heuristic) (coronavirus OR covid OR pandemic),3,https://home.kpmg/xx/en/blogs/home/posts/2020/03/covid-19-data-deficit.html
3,certainty effect (fallacy OR bias OR heuristic) (coronavirus OR covid OR pandemic),4,https://www.nejm.org/doi/pdf/10.1056/NEJMp2009405?listPDF=true
3,certainty effect (fallacy OR bias OR heuristic) (coronavirus OR covid OR pandemic),5,https://papers.ssrn.com/sol3/Delivery.cfm/SSRN_ID3595749_code3930765.pdf?abstractid=3595749&mirid=1
3,certainty effect (fallacy OR bias OR heuristic) (coronavirus OR covid OR pandemic),6,https://en.wikipedia.org/wiki/Hindsight_bias
3,certainty effect (fallacy OR bias OR heuristic) (coronavirus OR covid OR pandemic),7,https://www.ncbi.nlm.nih.gov/pmc/articles/PMC7144592/
3,certainty effect (fallacy OR bias OR heuristic) (coronavirus OR covid OR pandemic),8,https://www.convergeinternational.com.au/cvi/about-us/resources/blogs/cognitive-bias-and-impact-of-covid-19/2020/03/17/cognitive-bias-and-impact-of-covid-19
3,certainty effect (fallacy OR bias OR heuristic) (coronavirus OR covid OR pandemic),9,https://www.researchgate.net/publication/324486920_The_effect_of_publication_bias_magnitude_and_direction_on_the_certainty_in_evidence
3,certainty effect (fallacy OR bias OR heuristic) (coronavirus OR covid OR pandemic),10,https://www.tse-fr.eu/economics-coronavirus-some-insights
4,equalizing bias (fallacy OR bias OR heuristic) (coronavirus OR covid OR pandemic),1,https://theconversation.com/coronavirus-and-cognitive-bias-the-surprising-reasons-people-cheat-at-social-distancing-137987
4,equalizing bias (fallacy OR bias OR heuristic) (coronavirus OR covid OR pandemic),2,https://www.sciencedirect.com/science/article/pii/S1751157714000510
4,equalizing bias (fallacy OR bias OR heuristic) (coronavirus OR covid OR pandemic),3,https://www.ru.nl/publish/pages/938444/montibeller_-_behavioural_biases_in_da.pdf
4,equalizing bias (fallacy OR bias OR heuristic) (coronavirus OR covid OR pandemic),4,https://www.japantimes.co.jp/opinion/2020/05/19/commentary/world-commentary/pandemics-gender-bias-needs-urgent-fixing/
4,equalizing bias (fallacy OR bias OR heuristic) (coronavirus OR covid OR pandemic),5,https://www.ncbi.nlm.nih.gov/pmc/articles/PMC7144592/
4,equalizing bias (fallacy OR bias OR heuristic) (coronavirus OR covid OR pandemic),6,https://www.brookings.edu/research/algorithmic-bias-detection-and-mitigation-best-practices-and-policies-to-reduce-consumer-harms/
4,equalizing bias (fallacy OR bias OR heuristic) (coronavirus OR covid OR pandemic),7,https://www.ssrn.com/abstract=3257004
4,equalizing bias (fallacy OR bias OR heuristic) (coronavirus OR covid OR pandemic),8,http://create.usc.edu/sites/default/files/publications/cognitiveandmotivationalbiasesindecisionandriskanalysis.pdf
4,equalizing bias (fallacy OR bias OR heuristic) (coronavirus OR covid OR pandemic),9,https://hbr.org/2019/11/how-the-best-bosses-interrupt-bias-on-their-teams
4,equalizing bias (fallacy OR bias OR heuristic) (coronavirus OR covid OR pandemic),10,https://kingcounty.gov/depts/health/covid-19/care/anti-stigma/countering-bias.aspx
5,gain-loss bias (fallacy OR bias OR heuristic) (coronavirus OR covid OR pandemic),1,https://blogs.bmj.com/bmj/2020/06/09/covid-19-and-cognitive-bias/
5,gain-loss bias (fallacy OR bias OR heuristic) (coronavirus OR covid OR pandemic),2,https://sloanreview.mit.edu/article/how-to-make-better-decisions-about-coronavirus/
5,gain-loss bias (fallacy OR bias OR heuristic) (coronavirus OR covid OR pandemic),3,https://jamanetwork.com/journals/jama/fullarticle/2767950
5,gain-loss bias (fallacy OR bias OR heuristic) (coronavirus OR covid OR pandemic),4,https://link.springer.com/article/10.1007/s40258-020-00595-4
5,gain-loss bias (fallacy OR bias OR heuristic) (coronavirus OR covid OR pandemic),5,http://ncds.nic.in/sites/default/files/PolicyBriefs/PB13NCDS_0.pdf
5,gain-loss bias (fallacy OR bias OR heuristic) (coronavirus OR covid OR pandemic),6,https://www.behavioraleconomics.com/resources/mini-encyclopedia-of-be/loss-aversion/
5,gain-loss bias (fallacy OR bias OR heuristic) (coronavirus OR covid OR pandemic),7,https://en.grenoble-em.com/news-cognitive-bias-how-risk-affects-decision-making
5,gain-loss bias (fallacy OR bias OR heuristic) (coronavirus OR covid OR pandemic),8,https://www.washingtonpost.com/outlook/2020/01/31/how-our-brains-make-coronavirus-seem-scarier-than-it-is/
5,gain-loss bias (fallacy OR bias OR heuristic) (coronavirus OR covid OR pandemic),9,https://blogs.scientificamerican.com/observations/why-the-most-important-idea-in-behavioral-decision-making-is-a-fallacy/
5,gain-loss bias (fallacy OR bias OR heuristic) (coronavirus OR covid OR pandemic),10,https://www.sciencedirect.com/science/article/pii/S1571065313001467
6,myopic problem representation (fallacy OR bias OR heuristic) (coronavirus OR covid OR pandemic),1,https://www.ru.nl/publish/pages/938444/montibeller_-_behavioural_biases_in_da.pdf
6,myopic problem representation (fallacy OR bias OR heuristic) (coronavirus OR covid OR pandemic),2,http://ncds.nic.in/sites/default/files/PolicyBriefs/PB13NCDS_0.pdf
6,myopic problem representation (fallacy OR bias OR heuristic) (coronavirus OR covid OR pandemic),3,https://www.ncbi.nlm.nih.gov/pmc/articles/PMC7276143/
6,myopic problem representation (fallacy OR bias OR heuristic) (coronavirus OR covid OR pandemic),4,https://link.springer.com/article/10.1007/s12597-012-0098-x
6,myopic problem representation (fallacy OR bias OR heuristic) (coronavirus OR covid OR pandemic),5,https://www.researchgate.net/publication/265546013_Technical_Note-Note_on_Myopic_Heuristics_for_the_Random_Yield_Problem
6,myopic problem representation (fallacy OR bias OR heuristic) (coronavirus OR covid OR pandemic),6,https://oraclum.eu/covid-19-data-myopia/
6,myopic problem representation (fallacy OR bias OR heuristic) (coronavirus OR covid OR pandemic),7,https://www.aaojournal.org/article/S0161-6420(16)00025-7/fulltext
6,myopic problem representation (fallacy OR bias OR heuristic) (coronavirus OR covid OR pandemic),8,https://www.plancorp.com/blog/myopic-loss-aversion
6,myopic problem representation (fallacy OR bias OR heuristic) (coronavirus OR covid OR pandemic),9,https://www8.gsb.columbia.edu/researcharchive/getpub/3524/l
6,myopic problem representation (fallacy OR bias OR heuristic) (coronavirus OR covid OR pandemic),10,https://www.sciencedirect.com/science/article/pii/S0377221711009830
7,omission of important variables (fallacy OR bias OR heuristic) (coronavirus OR covid OR pandemic),1,https://www.biorxiv.org/content/10.1101/317511v2.full
7,omission of important variables (fallacy OR bias OR heuristic) (coronavirus OR covid OR pandemic),2,https://statisticsbyjim.com/regression/confounding-variables-bias/
7,omission of important variables (fallacy OR bias OR heuristic) (coronavirus OR covid OR pandemic),3,https://www.hindawi.com/journals/ads/2012/728980/
7,omission of important variables (fallacy OR bias OR heuristic) (coronavirus OR covid OR pandemic),4,https://www.hindawi.com/journals/ads/2012/728980/#abstract
7,omission of important variables (fallacy OR bias OR heuristic) (coronavirus OR covid OR pandemic),5,https://www.hindawi.com/journals/ads/2012/728980/#introduction
7,omission of important variables (fallacy OR bias OR heuristic) (coronavirus OR covid OR pandemic),6,https://www.hindawi.com/journals/ads/2012/728980/#conclusion
7,omission of important variables (fallacy OR bias OR heuristic) (coronavirus OR covid OR pandemic),7,https://www.hindawi.com/journals/ads/2012/728980/#acknowledgments
7,omission of important variables (fallacy OR bias OR heuristic) (coronavirus OR covid OR pandemic),8,https://muse.jhu.edu/article/232773/pdf
7,omission of important variables (fallacy OR bias OR heuristic) (coronavirus OR covid OR pandemic),9,https://www.publichealth.columbia.edu/research/population-health-methods/instrumental-variables
7,omission of important variables (fallacy OR bias OR heuristic) (coronavirus OR covid OR pandemic),10,https://www.sciencedirect.com/science/article/pii/0304407682900197
8,overconfidence (fallacy OR bias OR heuristic) (coronavirus OR covid OR pandemic),1,https://towardsdatascience.com/overcoming-confirmation-bias-during-covid-19-51a64205eceb
8,overconfidence (fallacy OR bias OR heuristic) (coronavirus OR covid OR pandemic),2,https://www.ncbi.nlm.nih.gov/pmc/articles/PMC7144592/
8,overconfidence (fallacy OR bias OR heuristic) (coronavirus OR covid OR pandemic),3,https://www.ncbi.nlm.nih.gov/pmc/articles/PMC7144592/#s0005title
8,overconfidence (fallacy OR bias OR heuristic) (coronavirus OR covid OR pandemic),4,https://www.ncbi.nlm.nih.gov/pmc/articles/PMC7144592/#s0015title
8,overconfidence (fallacy OR bias OR heuristic) (coronavirus OR covid OR pandemic),5,https://sloanreview.mit.edu/article/how-to-make-better-decisions-about-coronavirus/
8,overconfidence (fallacy OR bias OR heuristic) (coronavirus OR covid OR pandemic),6,https://theconversation.com/coronavirus-are-psychological-biases-causing-politicians-to-make-bad-choices-133654
8,overconfidence (fallacy OR bias OR heuristic) (coronavirus OR covid OR pandemic),7,https://www.ssrn.com/abstract=3595749
8,overconfidence (fallacy OR bias OR heuristic) (coronavirus OR covid OR pandemic),8,https://papers.ssrn.com/sol3/Delivery.cfm/SSRN_ID3595749_code3930765.pdf?abstractid=3595749&mirid=1
8,overconfidence (fallacy OR bias OR heuristic) (coronavirus OR covid OR pandemic),9,https://blogs.bmj.com/bmj/2020/06/09/covid-19-and-cognitive-bias/
8,overconfidence (fallacy OR bias OR heuristic) (coronavirus OR covid OR pandemic),10,https://www.familybusinessmagazine.com/how-bias-affected-our-decisions-during-pandemic
9,proxy bias (fallacy OR bias OR heuristic) (coronavirus OR covid OR pandemic),1,https://www.thelancet.com/journals/laninf/article/PIIS1473-3099(20)30243-7/fulltext
9,proxy bias (fallacy OR bias OR heuristic) (coronavirus OR covid OR pandemic),2,https://www.brookings.edu/research/algorithmic-bias-detection-and-mitigation-best-practices-and-policies-to-reduce-consumer-harms/
9,proxy bias (fallacy OR bias OR heuristic) (coronavirus OR covid OR pandemic),3,https://www.sciencedirect.com/science/article/pii/0165176589902279
9,proxy bias (fallacy OR bias OR heuristic) (coronavirus OR covid OR pandemic),4,https://nobias.com/bias-in-the-news/congress-weighs-voting-by-proxy
9,proxy bias (fallacy OR bias OR heuristic) (coronavirus OR covid OR pandemic),5,https://review.chicagobooth.edu/economics/2020/article/partisan-bias-affects-what-americans-think-coronavirus
9,proxy bias (fallacy OR bias OR heuristic) (coronavirus OR covid OR pandemic),6,https://www.statnews.com/2020/06/17/racial-bias-skews-algorithms-widely-used-to-guide-patient-care/
9,proxy bias (fallacy OR bias OR heuristic) (coronavirus OR covid OR pandemic),7,https://theconversation.com/global/topics/cognitive-bias-8885
9,proxy bias (fallacy OR bias OR heuristic) (coronavirus OR covid OR pandemic),8,https://theconversation.com/coronavirus-and-cognitive-bias-the-surprising-reasons-people-cheat-at-social-distancing-137987
9,proxy bias (fallacy OR bias OR heuristic) (coronavirus OR covid OR pandemic),9,https://www.healthcarefinancenews.com/news/study-finds-racial-bias-optum-algorithm
9,proxy bias (fallacy OR bias OR heuristic) (coronavirus OR covid OR pandemic),10,https://www.hindawi.com/journals/mpe/2014/686201/
10,splitting biases (fallacy OR bias OR heuristic) (coronavirus OR covid OR pandemic),1,https://www.visualcapitalist.com/11-cognitive-biases-influence-politics/
10,splitting biases (fallacy OR bias OR heuristic) (coronavirus OR covid OR pandemic),2,https://www.visualcapitalist.com/50-cognitive-biases-in-the-modern-world/
10,splitting biases (fallacy OR bias OR heuristic) (coronavirus OR covid OR pandemic),3,https://www.psychologytoday.com/us/blog/the-cyberpsychology-page/202005/covid-and-cognitive-bias-rationalizing-danger
10,splitting biases (fallacy OR bias OR heuristic) (coronavirus OR covid OR pandemic),4,https://hbr.org/2015/05/outsmart-your-own-biases
10,splitting biases (fallacy OR bias OR heuristic) (coronavirus OR covid OR pandemic),5,https://theconversation.com/global/topics/cognitive-bias-8885
10,splitting biases (fallacy OR bias OR heuristic) (coronavirus OR covid OR pandemic),6,https://www.popneuro.com/neuromarketing-blog/psychology-pandemic-cognitive-bias-misinformation-spring-break-consumer-behavior
10,splitting biases (fallacy OR bias OR heuristic) (coronavirus OR covid OR pandemic),7,https://www.ru.nl/publish/pages/938444/montibeller_-_behavioural_biases_in_da.pdf
10,splitting biases (fallacy OR bias OR heuristic) (coronavirus OR covid OR pandemic),8,https://www.theatlantic.com/magazine/archive/2018/09/cognitive-bias/565775/
10,splitting biases (fallacy OR bias OR heuristic) (coronavirus OR covid OR pandemic),9,https://qz.com/776168/a-comprehensive-guide-to-cognitive-biases/
10,splitting biases (fallacy OR bias OR heuristic) (coronavirus OR covid OR pandemic),10,https://link.springer.com/article/10.1007/s40037-016-0274-4
11,affect influenced (fallacy OR bias OR heuristic) (coronavirus OR covid OR pandemic),1,https://link.springer.com/article/10.1007/s40258-020-00595-4
11,affect influenced (fallacy OR bias OR heuristic) (coronavirus OR covid OR pandemic),2,https://www.ncbi.nlm.nih.gov/pmc/articles/PMC7144592/
11,affect influenced (fallacy OR bias OR heuristic) (coronavirus OR covid OR pandemic),3,https://sloanreview.mit.edu/article/how-to-make-better-decisions-about-coronavirus/
11,affect influenced (fallacy OR bias OR heuristic) (coronavirus OR covid OR pandemic),4,https://towardsdatascience.com/overcoming-confirmation-bias-during-covid-19-51a64205eceb
11,affect influenced (fallacy OR bias OR heuristic) (coronavirus OR covid OR pandemic),5,https://www.familybusinessmagazine.com/how-bias-affected-our-decisions-during-pandemic
11,affect influenced (fallacy OR bias OR heuristic) (coronavirus OR covid OR pandemic),6,https://medicalxpress.com/news/2020-03-covid-pervasive-infection.html
11,affect influenced (fallacy OR bias OR heuristic) (coronavirus OR covid OR pandemic),7,http://www.ecdc.europa.eu/sites/default/files/documents/covid-19-rapid-risk-assessment-coronavirus-disease-2019-eighth-update-8-april-2020.pdf
11,affect influenced (fallacy OR bias OR heuristic) (coronavirus OR covid OR pandemic),8,https://www.verywellmind.com/what-is-a-cognitive-bias-2794963
11,affect influenced (fallacy OR bias OR heuristic) (coronavirus OR covid OR pandemic),9,https://www.nature.com/articles/s41562-020-0884-z
11,affect influenced (fallacy OR bias OR heuristic) (coronavirus OR covid OR pandemic),10,https://www.institutmontaigne.org/en/blog/fighting-coronavirus-pandemic-chinas-influence-world-health-organization
12,confirmation (fallacy OR bias OR heuristic) (coronavirus OR covid OR pandemic),1,https://towardsdatascience.com/overcoming-confirmation-bias-during-covid-19-51a64205eceb
12,confirmation (fallacy OR bias OR heuristic) (coronavirus OR covid OR pandemic),2,https://www.ncbi.nlm.nih.gov/pmc/articles/PMC7144592/
12,confirmation (fallacy OR bias OR heuristic) (coronavirus OR covid OR pandemic),3,https://www.ncbi.nlm.nih.gov/pmc/articles/PMC7144592/#s0005title
12,confirmation (fallacy OR bias OR heuristic) (coronavirus OR covid OR pandemic),4,https://www.ncbi.nlm.nih.gov/pmc/articles/PMC7144592/#s0015title
12,confirmation (fallacy OR bias OR heuristic) (coronavirus OR covid OR pandemic),5,https://sloanreview.mit.edu/article/how-to-make-better-decisions-about-coronavirus/
12,confirmation (fallacy OR bias OR heuristic) (coronavirus OR covid OR pandemic),6,https://theconversation.com/after-the-crisis-how-to-avoid-some-of-our-misleading-beliefs-138161
12,confirmation (fallacy OR bias OR heuristic) (coronavirus OR covid OR pandemic),7,https://theconversation.com/coronavirus-and-cognitive-bias-the-surprising-reasons-people-cheat-at-social-distancing-137987
12,confirmation (fallacy OR bias OR heuristic) (coronavirus OR covid OR pandemic),8,https://www.psychologytoday.com/us/blog/the-cyberpsychology-page/202005/covid-and-cognitive-bias-rationalizing-danger
12,confirmation (fallacy OR bias OR heuristic) (coronavirus OR covid OR pandemic),9,https://www.london.edu/think/pandemic-what-to-trust-covid-19-and-the-virus-of-misinformation
12,confirmation (fallacy OR bias OR heuristic) (coronavirus OR covid OR pandemic),10,https://www.nejm.org/doi/pdf/10.1056/NEJMp2009405?listPDF=true
13,desirability of a positive event or consequence (fallacy OR bias OR heuristic) (coronavirus OR covid OR pandemic),1,https://en.wikipedia.org/wiki/Hindsight_bias
13,desirability of a positive event or consequence (fallacy OR bias OR heuristic) (coronavirus OR covid OR pandemic),2,https://en.wikipedia.org/wiki/List_of_cognitive_biases
13,desirability of a positive event or consequence (fallacy OR bias OR heuristic) (coronavirus OR covid OR pandemic),3,https://www.nature.com/articles/s41562-020-0884-z
13,desirability of a positive event or consequence (fallacy OR bias OR heuristic) (coronavirus OR covid OR pandemic),4,https://www.sciencedirect.com/science/article/pii/S0960982211011912
13,desirability of a positive event or consequence (fallacy OR bias OR heuristic) (coronavirus OR covid OR pandemic),5,https://blogs.worldbank.org/impactevaluations/assessing-severity-experimenter-demandsocial-desirability-effects
13,desirability of a positive event or consequence (fallacy OR bias OR heuristic) (coronavirus OR covid OR pandemic),6,https://link.springer.com/article/10.1007/s12053-014-9266-6
13,desirability of a positive event or consequence (fallacy OR bias OR heuristic) (coronavirus OR covid OR pandemic),7,https://www.verywellmind.com/what-is-the-bandwagon-effect-2795895
13,desirability of a positive event or consequence (fallacy OR bias OR heuristic) (coronavirus OR covid OR pandemic),8,https://www.quirks.com/articles/9-types-of-research-bias-and-how-to-avoid-them
13,desirability of a positive event or consequence (fallacy OR bias OR heuristic) (coronavirus OR covid OR pandemic),9,https://catalogofbias.org/biases/recall-bias/
13,desirability of a positive event or consequence (fallacy OR bias OR heuristic) (coronavirus OR covid OR pandemic),10,https://www.pewresearch.org/methods/2017/03/31/appendix-b-mode-effects-as-a-source-of-error-in-political-surveys/
14,undesirability of a negative event or consequence (fallacy OR bias OR heuristic) (coronavirus OR covid OR pandemic),1,https://www.sciencedirect.com/science/article/pii/S0960982211011912
14,undesirability of a negative event or consequence (fallacy OR bias OR heuristic) (coronavirus OR covid OR pandemic),2,https://www.sciencedirect.com/science/article/abs/pii/S0749597814000272
14,undesirability of a negative event or consequence (fallacy OR bias OR heuristic) (coronavirus OR covid OR pandemic),3,https://en.wikipedia.org/wiki/Appeal_to_consequences
14,undesirability of a negative event or consequence (fallacy OR bias OR heuristic) (coronavirus OR covid OR pandemic),4,https://www.lifespan.io/news/the-life-extensionists-guide-to-logical-fallacies/
14,undesirability of a negative event or consequence (fallacy OR bias OR heuristic) (coronavirus OR covid OR pandemic),5,https://www.informationisbeautiful.net/visualizations/rhetological-fallacies/
14,undesirability of a negative event or consequence (fallacy OR bias OR heuristic) (coronavirus OR covid OR pandemic),6,https://www.ncbi.nlm.nih.gov/pmc/articles/PMC7144592/
14,undesirability of a negative event or consequence (fallacy OR bias OR heuristic) (coronavirus OR covid OR pandemic),7,https://www.pnas.org/content/110/Supplement_2/10408
14,undesirability of a negative event or consequence (fallacy OR bias OR heuristic) (coronavirus OR covid OR pandemic),8,https://scholar.harvard.edu/files/renos/files/enosfowlerhavasy.pdf
14,undesirability of a negative event or consequence (fallacy OR bias OR heuristic) (coronavirus OR covid OR pandemic),9,https://www.researchgate.net/publication/228778181_Negativity_Bias_Negativity_Dominance_and_Contagion
14,undesirability of a negative event or consequence (fallacy OR bias OR heuristic) (coronavirus OR covid OR pandemic),10,https://catalogofbias.org/biases/recall-bias/
15,desirability of options/choice (fallacy OR bias OR heuristic) (coronavirus OR covid OR pandemic),1,https://www.outlookindia.com/website/story/opinion-normalcy-bias-dulled-our-response-towards-mitigating-covid-19-spread/351987
15,desirability of options/choice (fallacy OR bias OR heuristic) (coronavirus OR covid OR pandemic),2,https://en.wikipedia.org/wiki/List_of_cognitive_biases
15,desirability of options/choice (fallacy OR bias OR heuristic) (coronavirus OR covid OR pandemic),3,https://en.wikipedia.org/wiki/Choice-supportive_bias
15,desirability of options/choice (fallacy OR bias OR heuristic) (coronavirus OR covid OR pandemic),4,https://en.wikipedia.org/wiki/Attentional_bias
15,desirability of options/choice (fallacy OR bias OR heuristic) (coronavirus OR covid OR pandemic),5,https://en.wikipedia.org/wiki/Availability_heuristic
15,desirability of options/choice (fallacy OR bias OR heuristic) (coronavirus OR covid OR pandemic),6,https://en.wikipedia.org/wiki/Information_bias_(psychology)
15,desirability of options/choice (fallacy OR bias OR heuristic) (coronavirus OR covid OR pandemic),7,https://theconversation.com/coronavirus-are-psychological-biases-causing-politicians-to-make-bad-choices-133654
15,desirability of options/choice (fallacy OR bias OR heuristic) (coronavirus OR covid OR pandemic),8,https://sloanreview.mit.edu/article/how-to-make-better-decisions-about-coronavirus/
15,desirability of options/choice (fallacy OR bias OR heuristic) (coronavirus OR covid OR pandemic),9,https://www.uzh.ch/cmsssl/suz/dam/jcr:ffffffff-fad3-547b-ffff-ffffe54d58af/10.18_kahneman_tversky_81.pdf
15,desirability of options/choice (fallacy OR bias OR heuristic) (coronavirus OR covid OR pandemic),10,https://hbr.org/1998/09/the-hidden-traps-in-decision-making-2
16,ambiguity aversion (fallacy OR bias OR heuristic) (coronavirus OR covid OR pandemic),1,https://link.springer.com/article/10.1007/s11166-011-9134-0
16,ambiguity aversion (fallacy OR bias OR heuristic) (coronavirus OR covid OR pandemic),2,https://towardsdatascience.com/why-most-of-you-made-an-irrational-decision-aeeac532ef92
16,ambiguity aversion (fallacy OR bias OR heuristic) (coronavirus OR covid OR pandemic),3,https://www.sciencedirect.com/science/article/pii/S0899825609002164
16,ambiguity aversion (fallacy OR bias OR heuristic) (coronavirus OR covid OR pandemic),4,https://www.coursera.org/lecture/behavioral-investing/9-ambiguity-aversion-bias-RH8at
16,ambiguity aversion (fallacy OR bias OR heuristic) (coronavirus OR covid OR pandemic),5,https://www.frontiersin.org/articles/10.3389/fpsyg.2014.01519/full
16,ambiguity aversion (fallacy OR bias OR heuristic) (coronavirus OR covid OR pandemic),6,https://www.researchgate.net/publication/46493580_Ambiguity_aversion_in_the_long_run_Repeated_decisions_under_risk_and_uncertainty
16,ambiguity aversion (fallacy OR bias OR heuristic) (coronavirus OR covid OR pandemic),7,https://www.researchgate.net/publication/5152511_Causes_of_ambiguity_aversion_Known_versus_unknown_preferences_Journal_of_Risk_and_Uncertainty_36_225-243
16,ambiguity aversion (fallacy OR bias OR heuristic) (coronavirus OR covid OR pandemic),8,https://www.emerald.com/insight/content/doi/10.1108/JEFAS-07-2017-0081/full/html
16,ambiguity aversion (fallacy OR bias OR heuristic) (coronavirus OR covid OR pandemic),9,https://www.ssrn.com/abstract=1883999
16,ambiguity aversion (fallacy OR bias OR heuristic) (coronavirus OR covid OR pandemic),10,https://www.ssrn.com/abstract=2785419
17,(base rate fallacy OR base rate neglect) (fallacy OR bias OR heuristic) (coronavirus OR covid OR pandemic),1,https://www.slideshare.net/jericsinger/psychology-of-startups/30-Base_rate_fallacy_When_making
17,(base rate fallacy OR base rate neglect) (fallacy OR bias OR heuristic) (coronavirus OR covid OR pandemic),2,https://en.wikipedia.org/wiki/Base_rate_fallacy
17,(base rate fallacy OR base rate neglect) (fallacy OR bias OR heuristic) (coronavirus OR covid OR pandemic),3,https://en.wikipedia.org/wiki/Base_rate_fallacy#False_positive_paradox
17,(base rate fallacy OR base rate neglect) (fallacy OR bias OR heuristic) (coronavirus OR covid OR pandemic),4,https://en.wikipedia.org/wiki/Base_rate_fallacy#Examples
17,(base rate fallacy OR base rate neglect) (fallacy OR bias OR heuristic) (coronavirus OR covid OR pandemic),5,https://en.wikipedia.org/wiki/Base_rate_fallacy#Example_1:_Disease
17,(base rate fallacy OR base rate neglect) (fallacy OR bias OR heuristic) (coronavirus OR covid OR pandemic),6,https://en.wikipedia.org/wiki/Base_rate_fallacy#Example_3:_Terrorist_identification
17,(base rate fallacy OR base rate neglect) (fallacy OR bias OR heuristic) (coronavirus OR covid OR pandemic),7,https://www.investopedia.com/terms/b/base-rate-fallacy.asp
17,(base rate fallacy OR base rate neglect) (fallacy OR bias OR heuristic) (coronavirus OR covid OR pandemic),8,https://study.com/academy/lesson/base-rate-fallacy-definition-example.html
17,(base rate fallacy OR base rate neglect) (fallacy OR bias OR heuristic) (coronavirus OR covid OR pandemic),9,https://thedecisionlab.com/biases/base-rate-fallacy/
17,(base rate fallacy OR base rate neglect) (fallacy OR bias OR heuristic) (coronavirus OR covid OR pandemic),10,https://priorprobability.com/2020/03/11/visualization-of-the-base-rate-fallacy-coronavirus-edition/
18,conjunction fallacy (fallacy OR bias OR heuristic) (coronavirus OR covid OR pandemic),1,https://fs.blog/2016/09/bias-conjunction-fallacy/
18,conjunction fallacy (fallacy OR bias OR heuristic) (coronavirus OR covid OR pandemic),2,https://www.greenbook.org/mr/market-research-trends/this-and-that-the-conjunction-fallacy-in-practice/
18,conjunction fallacy (fallacy OR bias OR heuristic) (coronavirus OR covid OR pandemic),3,https://towardsdatascience.com/dont-fall-for-the-conjunction-fallacy-d860ed89053e
18,conjunction fallacy (fallacy OR bias OR heuristic) (coronavirus OR covid OR pandemic),4,https://link.springer.com/article/10.3758/BF03210779
18,conjunction fallacy (fallacy OR bias OR heuristic) (coronavirus OR covid OR pandemic),5,https://link.springer.com/article/10.1007/BF02512074
18,conjunction fallacy (fallacy OR bias OR heuristic) (coronavirus OR covid OR pandemic),6,https://europepmc.org/articles/pmc4319392
18,conjunction fallacy (fallacy OR bias OR heuristic) (coronavirus OR covid OR pandemic),7,https://www.frontiersin.org/articles/10.3389/fpsyg.2018.01011/full
18,conjunction fallacy (fallacy OR bias OR heuristic) (coronavirus OR covid OR pandemic),8,https://www.sciencedirect.com/science/article/pii/S0899825609001742
18,conjunction fallacy (fallacy OR bias OR heuristic) (coronavirus OR covid OR pandemic),9,https://en.wikipedia.org/wiki/Conjunction_fallacy
18,conjunction fallacy (fallacy OR bias OR heuristic) (coronavirus OR covid OR pandemic),10,https://psnet.ahrq.gov/issue/probability-error-diagnosis-conjunction-fallacy-among-beginning-medical-students
19,conservatism (fallacy OR bias OR heuristic) (coronavirus OR covid OR pandemic),1,https://www.nytimes.com/2020/03/31/opinion/covid-conservatism.html
19,conservatism (fallacy OR bias OR heuristic) (coronavirus OR covid OR pandemic),2,https://www.bbc.com/future/article/20200505-why-its-so-hard-to-be-rational-about-covid-19
19,conservatism (fallacy OR bias OR heuristic) (coronavirus OR covid OR pandemic),3,https://www.bbc.com/future/article/20190513-it-only-takes-35-of-people-to-change-the-world
19,conservatism (fallacy OR bias OR heuristic) (coronavirus OR covid OR pandemic),4,https://www.bbc.com/future/article/20200406-why-smart-people-believe-coronavirus-myths
19,conservatism (fallacy OR bias OR heuristic) (coronavirus OR covid OR pandemic),5,https://www.bbc.com/future/article/20160608-the-true-impact-of-tiny-microaggressions
19,conservatism (fallacy OR bias OR heuristic) (coronavirus OR covid OR pandemic),6,https://theconversation.com/claims-of-ideological-bias-among-the-media-may-be-overblown-135617
19,conservatism (fallacy OR bias OR heuristic) (coronavirus OR covid OR pandemic),7,https://theconversation.com/coronavirus-responses-highlight-how-humans-are-hardwired-to-dismiss-facts-that-dont-fit-their-worldview-141335
19,conservatism (fallacy OR bias OR heuristic) (coronavirus OR covid OR pandemic),8,https://heterodoxacademy.org/social-science-liberals-conservatives-covid-19/
19,conservatism (fallacy OR bias OR heuristic) (coronavirus OR covid OR pandemic),9,https://www.theaustralian.com.au/commentary/coronavirus-team-abc-cant-let-go-of-anticonservative-bias-even-in-covid19-crisis/news-story/fb60bd94bb49a3f287d017b8033211d9
19,conservatism (fallacy OR bias OR heuristic) (coronavirus OR covid OR pandemic),10,https://www.minnpost.com/second-opinion/2020/04/people-who-rely-on-conservative-media-for-covid-19-news-are-less-informed-more-likely-to-believe-conspiracy-theories-study-finds/
20,(endowment effect OR status quo OR sunk cost) (fallacy OR bias OR heuristic) (coronavirus OR covid OR pandemic),1,https://pubs.aeaweb.org/doi/pdfplus/10.1257/jep.5.1.193
20,(endowment effect OR status quo OR sunk cost) (fallacy OR bias OR heuristic) (coronavirus OR covid OR pandemic),2,https://www.behavioraleconomics.com/resources/mini-encyclopedia-of-be/loss-aversion/
20,(endowment effect OR status quo OR sunk cost) (fallacy OR bias OR heuristic) (coronavirus OR covid OR pandemic),3,https://www.behavioraleconomics.com/resources/mini-encyclopedia-of-be/sunk-cost-fallacy/
20,(endowment effect OR status quo OR sunk cost) (fallacy OR bias OR heuristic) (coronavirus OR covid OR pandemic),4,http://ncds.nic.in/sites/default/files/PolicyBriefs/PB13NCDS_0.pdf
20,(endowment effect OR status quo OR sunk cost) (fallacy OR bias OR heuristic) (coronavirus OR covid OR pandemic),5,https://en.wikipedia.org/wiki/Sunk_cost
20,(endowment effect OR status quo OR sunk cost) (fallacy OR bias OR heuristic) (coronavirus OR covid OR pandemic),6,https://www.redalyc.org/jatsRepo/2990/299062446002/html/index.html
20,(endowment effect OR status quo OR sunk cost) (fallacy OR bias OR heuristic) (coronavirus OR covid OR pandemic),7,https://link.springer.com/article/10.1007%2Fs00168-018-0872-7
20,(endowment effect OR status quo OR sunk cost) (fallacy OR bias OR heuristic) (coronavirus OR covid OR pandemic),8,https://www.theamericancollege.edu/news-center/6-cognitive-biases-in-behavioral-finance
20,(endowment effect OR status quo OR sunk cost) (fallacy OR bias OR heuristic) (coronavirus OR covid OR pandemic),9,https://www.research-live.com/article/opinion/new-frontiers-the-endowment-effect-beyond-mugs-and-wine/id/5060612
20,(endowment effect OR status quo OR sunk cost) (fallacy OR bias OR heuristic) (coronavirus OR covid OR pandemic),10,https://www.pnas.org/content/107/13/6005
21,(gambler’s fallacy OR hot hand) (fallacy OR bias OR heuristic) (coronavirus OR covid OR pandemic),1,https://link.springer.com/chapter/10.1057/9781137272423_3
21,(gambler’s fallacy OR hot hand) (fallacy OR bias OR heuristic) (coronavirus OR covid OR pandemic),2,https://link.springer.com/chapter/10.1007/978-3-642-21524-7_58
21,(gambler’s fallacy OR hot hand) (fallacy OR bias OR heuristic) (coronavirus OR covid OR pandemic),3,https://www.hartfordfunds.com/investor-insight/financial-fallacies-explained.html
21,(gambler’s fallacy OR hot hand) (fallacy OR bias OR heuristic) (coronavirus OR covid OR pandemic),4,https://www.businessinsider.com/the-gamblers-fallacy-and-the-hot-hand-2014-4
21,(gambler’s fallacy OR hot hand) (fallacy OR bias OR heuristic) (coronavirus OR covid OR pandemic),5,https://www.ssrn.com/abstract=2627354
21,(gambler’s fallacy OR hot hand) (fallacy OR bias OR heuristic) (coronavirus OR covid OR pandemic),6,https://papers.ssrn.com/sol3/papers.cfm?abstract_id=3486625
21,(gambler’s fallacy OR hot hand) (fallacy OR bias OR heuristic) (coronavirus OR covid OR pandemic),7,https://knowledge.wharton.upenn.edu/article/hot-hand-effect-vs-gamblers-fallacy-an-analysis-of-chinese-investors-psychology/
21,(gambler’s fallacy OR hot hand) (fallacy OR bias OR heuristic) (coronavirus OR covid OR pandemic),8,https://www.thehindu.com/opinion/op-ed/gamblers-fallacy/article19245881.ece
21,(gambler’s fallacy OR hot hand) (fallacy OR bias OR heuristic) (coronavirus OR covid OR pandemic),9,https://www.nytimes.com/2015/10/18/sunday-review/gamblers-scientists-and-the-mysterious-hot-hand.html
21,(gambler’s fallacy OR hot hand) (fallacy OR bias OR heuristic) (coronavirus OR covid OR pandemic),10,https://voxeu.org/article/basketball-s-hot-hand-myth-or-reality
22,insensitivity to sample size (fallacy OR bias OR heuristic) (coronavirus OR covid OR pandemic),1,https://en.wikipedia.org/wiki/Insensitivity_to_sample_size
22,insensitivity to sample size (fallacy OR bias OR heuristic) (coronavirus OR covid OR pandemic),2,https://www.oxfordreference.com/view/10.1093/oi/authority.20110803100439475
22,insensitivity to sample size (fallacy OR bias OR heuristic) (coronavirus OR covid OR pandemic),3,https://europepmc.org/article/pmc/6462158
22,insensitivity to sample size (fallacy OR bias OR heuristic) (coronavirus OR covid OR pandemic),4,https://bobsullivan.net/gotchas/everyday-economics/cognitive-bias/youre-not-wrong-you-just-have-a-small-sample-size-problem/
22,insensitivity to sample size (fallacy OR bias OR heuristic) (coronavirus OR covid OR pandemic),5,https://www.businessinsider.com/cognitive-biases-2015-10
22,insensitivity to sample size (fallacy OR bias OR heuristic) (coronavirus OR covid OR pandemic),6,https://medium.com/@wclittle/coronavirus-disease-2019-covid-19-understanding-the-epidemiology-biochemistry-and-cognitive-e8b3512b75ea
22,insensitivity to sample size (fallacy OR bias OR heuristic) (coronavirus OR covid OR pandemic),7,https://theconversation.com/coronavirus-country-comparisons-are-pointless-unless-we-account-for-these-biases-in-testing-135464
22,insensitivity to sample size (fallacy OR bias OR heuristic) (coronavirus OR covid OR pandemic),8,https://blog.cake.hr/cognitive-bias-limitation-objective-thinking/
22,insensitivity to sample size (fallacy OR bias OR heuristic) (coronavirus OR covid OR pandemic),9,https://www.kameleoon.com/en/blog/why-your-brain-your-worst-enemy-when-ab-testing
22,insensitivity to sample size (fallacy OR bias OR heuristic) (coronavirus OR covid OR pandemic),10,https://core.ac.uk/download/pdf/288175815.pdf
23,nonregressive prediction (fallacy OR bias OR heuristic) (coronavirus OR covid OR pandemic),1,https://www.oxfordreference.com/view/10.1093/oi/authority.20110803100237892
23,nonregressive prediction (fallacy OR bias OR heuristic) (coronavirus OR covid OR pandemic),2,https://en.wikipedia.org/wiki/Regression_fallacy
23,nonregressive prediction (fallacy OR bias OR heuristic) (coronavirus OR covid OR pandemic),3,https://en.wikipedia.org/wiki/Regression_fallacy#Explanation
23,nonregressive prediction (fallacy OR bias OR heuristic) (coronavirus OR covid OR pandemic),4,https://en.wikipedia.org/wiki/Regression_fallacy#Examples
23,nonregressive prediction (fallacy OR bias OR heuristic) (coronavirus OR covid OR pandemic),5,https://en.wikipedia.org/wiki/Regression_fallacy#Misapplication
23,nonregressive prediction (fallacy OR bias OR heuristic) (coronavirus OR covid OR pandemic),6,https://www.ncbi.nlm.nih.gov/pmc/articles/PMC7144592/
23,nonregressive prediction (fallacy OR bias OR heuristic) (coronavirus OR covid OR pandemic),7,https://scholarworks.iupui.edu/bitstream/handle/1805/5615/cox-1987-heuristics.pdf?sequence=1
23,nonregressive prediction (fallacy OR bias OR heuristic) (coronavirus OR covid OR pandemic),8,https://www.businessinsider.com/cognitive-biases-2015-10
23,nonregressive prediction (fallacy OR bias OR heuristic) (coronavirus OR covid OR pandemic),9,https://www.sciencedirect.com/science/article/pii/0001691895000054
23,nonregressive prediction (fallacy OR bias OR heuristic) (coronavirus OR covid OR pandemic),10,http://citeseerx.ist.psu.edu/viewdoc/download?doi=10.1.1.395.3759&rep=rep1&type=pdf
24,(subadditivity OR superadditivity of probability) (fallacy OR bias OR heuristic) (coronavirus OR covid OR pandemic),1,https://en.wikipedia.org/wiki/Subadditivity_effect
24,(subadditivity OR superadditivity of probability) (fallacy OR bias OR heuristic) (coronavirus OR covid OR pandemic),2,https://link.springer.com/article/10.1023/A:1014687809032
24,(subadditivity OR superadditivity of probability) (fallacy OR bias OR heuristic) (coronavirus OR covid OR pandemic),3,https://www.tandfonline.com/doi/abs/10.1080/13669877.2020.1772346
24,(subadditivity OR superadditivity of probability) (fallacy OR bias OR heuristic) (coronavirus OR covid OR pandemic),4,https://qz.com/776168/a-comprehensive-guide-to-cognitive-biases/
24,(subadditivity OR superadditivity of probability) (fallacy OR bias OR heuristic) (coronavirus OR covid OR pandemic),5,https://blog.cake.hr/cognitive-bias-limitation-objective-thinking/
24,(subadditivity OR superadditivity of probability) (fallacy OR bias OR heuristic) (coronavirus OR covid OR pandemic),6,https://academic.oup.com/qjmed/article/96/10/763/1519346
24,(subadditivity OR superadditivity of probability) (fallacy OR bias OR heuristic) (coronavirus OR covid OR pandemic),7,https://www.amazon.com/gp/customer-reviews/RJA1JDCPMRN80?ASIN=0521284147
24,(subadditivity OR superadditivity of probability) (fallacy OR bias OR heuristic) (coronavirus OR covid OR pandemic),8,https://www.sciencedirect.com/science/article/pii/S074959780092898X
24,(subadditivity OR superadditivity of probability) (fallacy OR bias OR heuristic) (coronavirus OR covid OR pandemic),9,http://fitelson.org/confirmation/pccf.pdf
24,(subadditivity OR superadditivity of probability) (fallacy OR bias OR heuristic) (coronavirus OR covid OR pandemic),10,https://europepmc.org/article/med/15099126
