keniox download,1,http://www.lotto-solutions.com/Keniox/Download.aspx
keniox download,2,http://www.lotto-solutions.com/Keniox/Download_pl.aspx
keniox download,3,http://www.lotto-solutions.com/Keniox/Overview.aspx
keniox download,4,http://forum.multipasko.pl/n_viewtopic.php?id=4054&page=2&sort=&dir=
keniox download,5,http://www.fullrapidshare.com/crack-keygen-serial-torrent-full-warez-download-Keniox++1.5.0-168.html
keniox download,6,http://www.fullrapidshare.com/free-full-download-keniox+-crack-serial-keygen-torrent.html
keniox download,7,http://www.fullrapidshare.com/crack-keygen-serial-torrent-full-warez-download-keniox+1.3.1-72.html
keniox download,8,"http://zapytaj.onet.pl/Category/005,003/2,23538242,Skad_za_darmo_pobrac_program_keniox_.html"
keniox download,9,http://pinger.pl/szukaj/po_tagu/?t=Keniox%20download%20free
keniox download,10,http://legalne.info.pl/wyszukaj/Nazwa-keniox
lotto,1,http://www.lotto.pl/
lotto,2,http://www.lotto.pl/lotto/wyniki-i-wygrane
lotto,3,http://www.lotto.pl/ekstra-pensja
lotto,4,http://www.lotto.pl/lotto
lotto,5,http://www.lotto.pl/multi-multi
lotto,6,http://www.lotto.pl/mini-lotto
lotto,7,http://www.lotto.pl/wysokie-wygrane
lotto,8,http://megalotto.pl/
lotto,9,http://www.stuff.co.nz/national/93078441/lotto-winner-claims-27m-prize
lotto,10,https://au.news.yahoo.com/a/35693762/lotto-winners-take-home-26-million-in-fourth-largest-nz-powerball-prize/
lotto,11,https://thewest.com.au/news/wa/one-lucky-winner-scoops-40m-oz-lotto-prize-ng-b88492464z
lotto,12,https://mylotto.co.nz/
lotto,13,https://mylotto.co.nz/lotto
lotto,14,https://www.txlottery.org/export/sites/lottery/Games/Lotto_Texas/
lotto,15,http://nylottery.ny.gov/wps/portal/Home/Lottery/Home/Jackpot+Games/LOTTO
wyniki lotto archiwum,1,http://www.lotto.pl/lotto/wyniki-i-wygrane
wyniki lotto archiwum,2,http://www.lotto.pl/lotto/wyniki-i-wygrane/sprawdz-wygrane
wyniki lotto archiwum,3,http://www.lotto.pl/lotto/wyniki-i-wygrane/ostatnie-wyniki
wyniki lotto archiwum,4,http://www.lotto.pl/lotto/wyniki-i-wygrane/wyszukaj
wyniki lotto archiwum,5,http://www.lotto.pl/lotto/wyniki-i-wygrane/wygrane
wyniki lotto archiwum,6,http://megalotto.pl/wyniki/lotto
wyniki lotto archiwum,7,http://megalotto.pl/wyniki/lotto/losowania-z-roku-1957
wyniki lotto archiwum,8,http://megalotto.pl/wyniki/lotto/losowania-z-roku-2015
wyniki lotto archiwum,9,http://megalotto.pl/wyniki/lotto/losowania-z-roku-2014
wyniki lotto archiwum,10,http://megalotto.pl/wyniki/lotto/losowania-z-roku-2010
wyniki lotto archiwum,11,http://www.wynikilotto.net.pl/archiwalnewyniki.htm
wyniki lotto archiwum,12,https://www.multipasko.pl/wyniki-lotto/duzy-lotek/
wyniki lotto archiwum,13,https://www.multipasko.pl/wyniki-lotto/multi-lotek/
wyniki lotto archiwum,14,http://www.money.pl/wyniki-lotto/duzy-lotek/archiwum/
wyniki lotto archiwum,15,http://www.duzylotek.net/wynikiduzylotek.php?goto=wyniki
wyniki lotto archiwum,16,http://www.wynikilotto.com.pl/archiwum/
wyniki lotto archiwum,17,http://www.mbnet.com.pl/wyniki.htm
wyniki lotto archiwum,18,http://warszawa.naszemiasto.pl/tag/wyniki-lotto-w-archiwum.html
lotto program,1,https://www.windowslotto.com/
lotto program,2,https://www.windowslotto.com/free-15-day-trial.html
lotto program,3,https://www.windowslotto.com/download.html
lotto program,4,https://www.windowslotto.com/how-to-videos.html
lotto program,5,https://www.windowslotto.com/support.html
lotto program,6,https://www.timersoft.com/
lotto program,7,https://www.timersoft.com/downloads/
lotto program,8,https://www.timersoft.com/lottery-software-reviews/customer-reviews/
lotto program,9,https://www.timersoft.com/support/
lotto program,10,https://www.timersoft.com/purchase/
lotto program,11,http://www.lottosoftware.com/
lotto program,12,http://www.lotto-solutions.com/
lotto program,13,https://lotto-logic-lottery-software.en.softonic.com/
lotto program,14,https://lottery-software.en.softonic.com/
lotto program,15,https://www.multipasko.pl/programy/multipairs/
lotto program,16,http://download.cnet.com/Magayo-Lotto/3000-2647_4-75628200.html
lotto program,17,http://www.smartluck.com/lotto-software.htm
lotto program,18,https://www.lottomania2000.net/
lotto program,19,https://www.youtube.com/watch?v=T7yTfVyJE-o
lotto program,20,http://www.expertlotto.com/
lotto program,21,"http://www.gazetawroclawska.pl/artykul/982838,o-ktorej-losowanie-lotto-po-zmianach-w-programie-tvp,id,t.html"
systemy multi multi na 40 liczb,1,http://forum.multipasko.pl/n_viewtopic.php?id=4870
systemy multi multi na 40 liczb,2,http://forum.multipasko.pl/n_viewtopic.php?id=4850
systemy multi multi na 40 liczb,3,http://forum.multipasko.pl/n_viewtopic.php?id=3245&page=18
systemy multi multi na 40 liczb,4,http://forum.multipasko.pl/n_viewtopic.php?id=3378
systemy multi multi na 40 liczb,5,http://forum.multipasko.pl/n_viewtopic.php?id=304
systemy multi multi na 40 liczb,6,https://www.multipasko.pl/news7.html
systemy multi multi na 40 liczb,7,http://www.duzylotek.net/system14liczb14zakladowdl.php?goto=systemydl
systemy multi multi na 40 liczb,8,https://www.forum.bukmacherskie.com/f18/mm-gwarancja-zysku-przy-8z20-119539.html
systemy multi multi na 40 liczb,9,http://www.eurevic.com.pl/victoria/systemy_nowosc.htm
systemy multi multi na 40 liczb,10,https://www.youtube.com/watch?v=KiNhpoDdARM
systemy multi multi na 40 liczb,11,http://lotto49.wixsite.com/mojawitryna
systemy multi multi na 40 liczb,12,http://totomajster.republika.pl/nowe_systemy.htm
systemy multi multi na 40 liczb,13,http://eurotypy.pl/product.php?id_product=1255
systemy multi multi na 40 liczb,14,http://lotto-centrum.com/multi_multi/zestawy_liczb(3w).php5
systemy liczbowe,1,https://pl.wikipedia.org/wiki/System_liczbowy
systemy liczbowe,2,https://pl.wikipedia.org/wiki/Dziesi%C4%99tny_system_liczbowy
systemy liczbowe,3,https://pl.wikipedia.org/wiki/Szesnastkowy_system_liczbowy
systemy liczbowe,4,https://pl.wikipedia.org/wiki/Dw%C3%B3jkowy_system_liczbowy
systemy liczbowe,5,https://pl.wikipedia.org/wiki/Grecki_system_liczbowy
systemy liczbowe,6,https://www.youtube.com/watch?v=VUHwfugYFEA
systemy liczbowe,7,http://www.programuj.com/artykuly/rozne/sysliczb.php
systemy liczbowe,8,http://republika.pl/blue_rider_hp/articles/tekst/liczby.html
systemy liczbowe,9,http://towarzystwo.edu.pl/assets/prace_matematyczne/sm_14_kaczowka_makowski_rajs_szlubowski.pdf
systemy liczbowe,10,http://eduinf.waw.pl/inf/alg/006_bin/0002.php
systemy liczbowe,11,http://home.agh.edu.pl/~byrska/src/4.SystemyLiczb.pdf
systemy liczbowe,12,http://math.uni.lodz.pl/~atomasz/WDIad/r1%20systemy%20liczbowe.pdf
systemy liczbowe,13,http://matma.prv.pl/systemy.php
systemy liczbowe,14,https://edukacja.helion.pl/uploads/E12%20cz.1.pdf
mini lotto system,1,http://www.lotto.pl/mini-lotto/tabela-systemowa-mini-lotto
mini lotto system,2,https://www.lottoland.com/pl/magazyn/mini-lotto-system-sekret-wielu-zwyciezcow.html
mini lotto system,3,http://forum.multipasko.pl/n_viewtopic.php?id=3025
mini lotto system,4,http://forum.multipasko.pl/n_viewtopic.php?id=4806
mini lotto system,5,http://forum.multipasko.pl/n_viewtopic.php?id=4489
mini lotto system,6,http://forum.multipasko.pl/n_viewtopic.php?id=4209&page=2
mini lotto system,7,http://forum.multipasko.pl/n_viewtopic.php?id=4023
mini lotto system,8,http://www.minilotto.net/news/systemy-mini-lotto-od-a-do-z
mini lotto system,9,http://lotto-centrum.com/mini_lotto/zaklady_systemowe.php5
mini lotto system,10,https://www.youtube.com/watch?v=Ij8ft_IvfNI
mini lotto system,11,https://www.forum.bukmacherskie.com/f18/systemy-do-mini-lotto-na-14-liczb-37763.html
mini lotto system,12,http://www.duzylotek.net/system14liczb14zakladowdl.php?goto=systemydl
mini lotto system,13,http://megalotto.pl/zasady-gry/mini-lotto/koszt-zakladow-systemowych
mini lotto system,14,http://46.105.25.174/n_viewtopic.php?id=4489
system mini lotto,1,http://www.lotto.pl/mini-lotto/tabela-systemowa-mini-lotto
system mini lotto,2,https://www.lottoland.com/pl/magazyn/mini-lotto-system-sekret-wielu-zwyciezcow.html
system mini lotto,3,http://forum.multipasko.pl/n_viewtopic.php?id=3025
system mini lotto,4,http://forum.multipasko.pl/n_viewtopic.php?id=5059
system mini lotto,5,http://forum.multipasko.pl/n_viewtopic.php?id=4806
system mini lotto,6,http://forum.multipasko.pl/n_viewtopic.php?id=4489
system mini lotto,7,http://forum.multipasko.pl/n_viewtopic.php?id=4023
system mini lotto,8,http://lotto-centrum.com/mini_lotto/zaklady_systemowe.php5
system mini lotto,9,https://www.youtube.com/watch?v=Ij8ft_IvfNI
system mini lotto,10,https://www.forum.bukmacherskie.com/f18/systemy-do-mini-lotto-na-14-liczb-37763.html
system mini lotto,11,http://www.duzylotek.net/system14liczb14zakladowdl.php?goto=systemydl
system mini lotto,12,http://www.minilotto.net/news/systemy-mini-lotto-od-a-do-z
system mini lotto,13,http://46.105.25.174/n_viewtopic.php?id=3025&page=9
system mini lotto,14,https://elubaczow.com/2016/03/02/czy-istnieje-sposob-na-mini-lotto/
system mini lotto,15,http://elubaczow.com/2016/03/02/czy-istnieje-sposob-na-mini-lotto/
lotto wyniki ostatnie,1,http://www.lotto.pl/lotto/wyniki-i-wygrane/ostatnie-wyniki
lotto wyniki ostatnie,2,http://www.lotto.pl/lotto/wyniki-i-wygrane
lotto wyniki ostatnie,3,http://www.lotto.pl/lotto/wyniki-i-wygrane/sprawdz-wygrane
lotto wyniki ostatnie,4,http://www.lotto.pl/lotto/wyniki-i-wygrane/wyszukaj
lotto wyniki ostatnie,5,http://www.lotto.pl/lotto/wyniki-i-wygrane/wygrane
lotto wyniki ostatnie,6,http://lotto-centrum.com/lotto/wyniki.php5
lotto wyniki ostatnie,7,http://megalotto.pl/
lotto wyniki ostatnie,8,http://megalotto.pl/wyniki/lotto
lotto wyniki ostatnie,9,http://www.wynikilotto.com.pl/
lotto wyniki ostatnie,10,https://www.lottoland.com/pl/lotto/wyniki-numery-wygrane
lotto wyniki ostatnie,11,http://lotto.interia.pl/
lotto wyniki ostatnie,12,http://www.wynikilotto.net.pl/archiwalnewynikiduzegolotka-100.htm
lotto wyniki ostatnie,13,http://www.money.pl/wyniki-lotto/duzy-lotek/
mini lotto,1,http://www.lotto.pl/mini-lotto/wyniki-i-wygrane
mini lotto,2,http://ssl.lotto.pl/mini-lotto/wyniki-i-wygrane/ostatnie-wyniki
mini lotto,3,http://www.lotto.pl/mini-lotto/wyniki-i-wygrane/sprawdz-wygrane
mini lotto,4,http://www.lotto.pl/mini-lotto
mini lotto,5,http://www.lotto.pl/mini-lotto/jak-grac-w-mini-lotto
mini lotto,6,http://www.lotto.pl/mini-lotto/aktualnosci/glowna-wygrana-w-lotto-w-skoczowie-i-w-mini-lotto-w-slupcy
mini lotto,7,http://www.lotto.pl/
mini lotto,8,http://www.lotto.pl/lotto
mini lotto,9,https://www.multipasko.pl/wyniki-lotto/express-lotek/
mini lotto,10,http://megalotto.pl/wyniki/mini-lotto
mini lotto,11,https://www.lottoland.com/pl/minilotto/wyniki-numery-wygrane
mini lotto,12,http://lotto-centrum.com/mini_lotto/wyniki.php5
liczby losu,1,http://lubimyczytac.pl/ksiazka/170649/liczby-losu-a-wolnosc-wewnetrzna
liczby losu,2,http://www.lotto-numerologia.pl/liczba-losu
liczby losu,3,https://www.biblionetka.pl/book.aspx?id=91411
liczby losu,4,http://allegro.pl/natasza-czarminska-liczby-losu-a-wolnosc-i6183393522.html
liczby losu,5,"http://www.empik.com/liczby-losu-liczby-czlowieka-zylbertal-wlodzimierz-h,278557,ksiazka-p"
liczby losu,6,"http://www.noweezo.fora.pl/ogolnie-o-numerologii,10/liczby-losu-link,16420.html"
liczby losu,7,http://www.goodreads.com/book/show/21478986-liczby-losu
liczby losu,8,"http://forum.gazeta.pl/forum/w,23210,40602173,40602173,_Liczby_losu_a_wolnosc_wewnetrzna_poszukuje_.html"
liczby losu,9,"https://www.antykwariat.waw.pl/ksiazka,1013115/natasza_czarminska_liczby_losu,143829.html"
liczby losu,10,https://pl.scribd.com/doc/47778694/Natasza-Czarminska-Liczby-Losu
losuj liczby,1,http://www.losowe.pl/liczba
losuj liczby,2,http://www.naukowiec.org/kalkulatory/liczby-losowe.html
losuj liczby,3,http://lotto-centrum.com/lotto/chybil-trafil.php5
losuj liczby,4,http://lotto-centrum.com/mini_lotto/chybil-trafil.php5
losuj liczby,5,http://lotto-centrum.com/multi_multi/chybil-trafil.php5
losuj liczby,6,http://www.lotto-numerologia.pl/losuj-swoje-szczesliwe-numery-mini-lotto
losuj liczby,7,http://generujemy.pl/losowa_liczba
losuj liczby,8,https://absolwencinawalizkach.pl/losowanie-liczb-z-okreslonego-przedzialu/
losuj liczby,9,https://www.youtube.com/watch?v=kDbFOwEeGVY
losuj liczby,10,https://forum.muve.pl/index.php?/topic/1971-losuj-liczb%C4%99/
lotto liczby,1,http://www.lotto.pl/lotto/poznaj-swoje-liczby
lotto liczby,2,http://www.lotto.pl/lotto/wyniki-i-wygrane
lotto liczby,3,http://www.lotto.pl/lotto/wyniki-i-wygrane/sprawdz-wygrane
lotto liczby,4,http://www.lotto.pl/lotto/wyniki-i-wygrane/ostatnie-wyniki
lotto liczby,5,http://www.lotto.pl/lotto/wyniki-i-wygrane/wyszukaj
lotto liczby,6,http://www.lotto.pl/lotto/wyniki-i-wygrane/wygrane
lotto liczby,7,http://www.lotto.pl/multi-multi/poznaj-swoje-liczby
lotto liczby,8,http://www.lotto.pl/mini-lotto/poznaj-swoje-liczby
lotto liczby,9,http://www.lotto.pl/multi-multi/wyniki-i-wygrane/cieple-zimne
lotto liczby,10,http://lotto-centrum.com/lotto/test_liczb.php5
lotto liczby,11,"http://www.dziennikzachodni.pl/wiadomosci/a/jak-wygrac-w-lotto-sprawdz-systemy-matematyk-ocenia-sposob-na-wygrana-w-lotto,656473/"
lotto liczby,12,http://www.se.pl/wiadomosci/polska/najczesciej-losowane-liczby-w-lotto-zobacz-jakie-liczby-zakreslic-aby-wygrac_525795.html
lotto liczby,13,http://megalotto.pl/sprawdz-liczby
lotto liczby,14,"http://www.gazetawroclawska.pl/wyniki-lotto/a/losowanie-lotto-20-kwietnia-2017-wyniki-lotto-liczby-20-04-17-kumulacja-lotto-18-mln-zl,12006237/"
goldenlotto,1,http://goldenlotto.pl/
goldenlotto,2,http://goldenlotto.pl/golden.a.index.php
goldenlotto,3,https://www.youtube.com/watch?v=QOoMxLpHD14
goldenlotto,4,https://www.youtube.com/watch?v=nmeZfNCiElo
goldenlotto,5,http://forum.multipasko.pl/n_viewtopic.php?id=3855
goldenlotto,6,http://forum.multipasko.pl/n_viewtopic.php?id=4656
goldenlotto,7,http://forum.multipasko.pl/n_viewtopic.php?id=4358
goldenlotto,8,https://www.multipasko.pl/typowania/goldenlotto-pl/multi-lotek/
goldenlotto,9,https://www.facebook.com/public/Golden-Lotto
goldenlotto,10,"http://free4web.pl/3/0,171079,default.html"
goldenlotto,11,"http://forum.interia.pl/goldenlotto-co-sadzicie-o-tym-programie--tematy,dId,2363173"
goldenlotto,12,"http://wiadomosci.onet.pl/forum/46-mln-wygranej-w-loterii-kim-jest-zwyciezca,605523,czytaj-popularne.html"
totalizator sportowy katowice,1,https://www.totalizator.pl/o-nas/oddzialy
totalizator sportowy katowice,2,https://www.totalizator.pl/
totalizator sportowy katowice,3,http://www.lotto.pl/kontakt/oddzialy
totalizator sportowy katowice,4,"http://www.zumi.pl/2525545,Lotto_(Odzial_III_Katowice),Katowice,firma.html"
totalizator sportowy katowice,5,http://megalotto.pl/oddzialy-lotto/Katowice
totalizator sportowy katowice,6,http://mapa.targeo.pl/kolektura-lotto-iii-oddzial-40-568-katowice~5448391/przedsiebiorstwo-firma/adres
totalizator sportowy katowice,7,http://lotto.interia.pl/odbior-wygranej
totalizator sportowy katowice,8,"http://www.money.pl/wyniki-lotto/artykul/jak;odebrac;wygrana;w;lotto,149,0,1586069.html"
totalizator sportowy katowice,9,https://godzinyotwarcia24.pl/totalizator-sportowy-katowice-202081
totalizator sportowy katowice,10,http://www.silesiacitycenter.com.pl/sklep/49/totalizator-sportowy
lotto online,1,https://elotek.pl/
lotto online,2,https://elotek.pl/cennik
lotto online,3,https://elotek.pl/jak-grac
lotto online,4,https://elotek.pl/login/auth
lotto online,5,https://elotek.pl/kontakt
lotto online,6,https://www.lottoland.com/en
lotto online,7,http://www.lotto.pl/
lotto online,8,http://www.lotto.pl/lotto/wyniki-i-wygrane
lotto online,9,http://www.lotto.pl/lotto
lotto online,10,http://www.lotto.pl/multi-multi
lotto online,11,http://www.lotto.pl/mini-lotto
lotto online,12,http://www.lotto.pl/studio-lotto
lotto online,13,http://www.lotto.pl/studio-lotto/archiwum-losowan
lotto online,14,http://www.lotto.pl/studio-lotto/prezenterzy
lotto online,15,http://www.lotto.pl/studio-lotto/goscie
lotto online,16,http://www.lotto.pl/studio-lotto/faq
lotto online,17,https://lottomania.com.pl/
lotto online,18,https://kuponylotto.pl/
lotto online,19,"http://finanse.wp.pl/kat,1038021,title,Czy-mozna-grac-w-Lotto-przez-internet,wid,15824670,wiadomosc.html"
lotto online,20,https://www.playhugelottos.com/pl/home.html
lotto online,21,https://www.national-lottery.co.uk/games/lotto
lotto online,22,https://www.thelotter.com/lottery-tickets/
wyniki multi multi,1,http://www.lotto.pl/multi-multi/wyniki-i-wygrane
wyniki multi multi,2,http://ssl.lotto.pl/multi-multi/wyniki-i-wygrane/ostatnie-wyniki
wyniki multi multi,3,http://www.lotto.pl/multi-multi/wyniki-i-wygrane/cieple-zimne
wyniki multi multi,4,http://www.lotto.pl/multi-multi/wyniki-i-wygrane/sprawdz-wygrane
wyniki multi multi,5,http://www.lotto.pl/multi-multi/wyniki-i-wygrane/wyszukaj
wyniki multi multi,6,http://www.lotto.pl/multi-multi
wyniki multi multi,7,https://www.multipasko.pl/wyniki-lotto/multi-lotek/
wyniki multi multi,8,https://www.multipasko.pl/wyniki-lotto/keno/
wyniki multi multi,9,https://www.multipasko.pl/wyniki-lotto/duzy-lotek/
wyniki multi multi,10,https://www.multipasko.pl/wygrane-lotto/multi-lotek/
wyniki multi multi,11,https://www.multipasko.pl/wyniki-lotto/express-lotek/
wyniki multi multi,12,http://lotto-centrum.com/multi_multi/wyniki.php5
wyniki multi multi,13,http://megalotto.pl/wyniki/multi-multi
wyniki multi multi,14,"http://www.gloswielkopolski.pl/wiadomosci/wyniki-lotto/a/wyniki-lotto-sobota-27-maja-2017-lotto-lotto-plus-multi-multi-kaskada-mini-lotto,12120175/"
wyniki multi multi,15,http://www.wynikilotto.com.pl/
wyniki multi multi,16,https://www.lottoland.com/pl/multimulti/wyniki-numery-wygrane
wyniki multi multi,17,http://www.duzylotek.net/wynikimultilotek.php?goto=wyniki
totolotek,1,https://www.totolotek.pl/
totolotek,2,https://www.totolotek.pl/zaklady-bukmacherskie
totolotek,3,https://cw.totolotek.pl/totomix/oferta/
totolotek,4,http://www.lotto.pl/
totolotek,5,http://www.lotto.pl/lotto/wyniki-i-wygrane
totolotek,6,http://www.lotto.pl/lotto
totolotek,7,http://www.lotto.pl/multi-multi
totolotek,8,http://www.lotto.pl/mini-lotto
totolotek,9,http://www.lotto.pl/lotto/wyniki-i-wygrane/sprawdz-wygrane
totolotek,10,http://www.lotto.pl/lotto/wyniki-i-wygrane/ostatnie-wyniki
totolotek,11,http://www.lotto.pl/lotto/wyniki-i-wygrane/wyszukaj
totolotek,12,http://www.lotto.pl/lotto/wyniki-i-wygrane/wygrane
totolotek,13,http://www.se.pl/wiadomosci/polityka/totolotek-nie-da-waesie-alibi_787180.html
totolotek,14,https://pl.wikipedia.org/wiki/Totolotek
totolotek,15,http://www.fakt.pl/totolotek
totolotek,16,http://pl.bab.la/slownik/polski-angielski/totolotek
totolotek,17,"http://www.gowork.pl/opinie_czytaj,1167"
kupon lotto,1,http://www.lotto.pl/super-szansa/jak-grac-w-super-szanse
kupon lotto,2,http://www.duzylotek.net/lotto.php?goto=opisygier
kupon lotto,3,"http://polki.pl/po-godzinach/kobiece-pasje,czy-wiesz-jak-grac-w-lotto,10322656,artykul.html"
kupon lotto,4,http://www.wykop.pl/link/2555071/mieli-kupon-na-14-mln-zl-lotto-nie-wyplacilo-im-pieniedzy/
kupon lotto,5,https://www.3gry.pl/
kupon lotto,6,http://www.lotto.pl/lotto/jak-grac-w-lotto
kupon lotto,7,http://www.lotto.pl/lotto/tabela-systemowa-lotto
kupon lotto,8,http://www.lotto.pl/kontakt/oddzialy
kupon lotto,9,http://www.lotto.pl/lotto/prawdopodobienstwo-wygranej-lotto
kupon lotto,10,http://www.lotto.pl/lotto/wyniki-i-wygrane/sprawdz-wygrane
kupon lotto,11,https://kuponylotto.pl/
kupon lotto,12,https://elotek.pl/
kupon lotto,13,http://www.softsite.pl/lotto/sprawdz-kupon/
kupon lotto,14,https://www.lottoland.com/pl/magazyn/jak-wypelnic-kupon-lotto-online.html
kupon lotto,15,https://www.lottoland.com/pl/lotto/pomoc
kupon lotto,16,https://www.lottoland.com/pl
gry pl,1,http://www.gry.pl/
gry pl,2,http://www.gry.pl/gry/logiczne
gry pl,3,http://www.gry.pl/gra/mahjongcon
gry pl,4,http://www.gry.pl/gra/wiejskie-zycie
gry pl,5,http://www.gry.pl/gra/bubble_shooter
gry pl,6,http://www.gry.pl/gry/dla-dziewczynek
gry pl,7,http://www.gry.pl/gry/zrecznosciowe
gry pl,8,http://gry.disney.pl/
gry pl,9,http://www.nick.com.pl/gry
gry pl,10,http://www.wyspagier.pl/
gry pl,11,http://www.gry.jeja.pl/
gry pl,12,http://milionerzy.gragry.pl/familiada.htm
gry pl,13,http://www.milionerzy.gragry.pl/
elotek,1,https://elotek.pl/
elotek,2,https://elotek.pl/login/auth
elotek,3,https://elotek.pl/jak-grac
elotek,4,https://elotek.pl/cennik
elotek,5,https://elotek.pl/pytania
elotek,6,https://elotek.pl/kontakt
elotek,7,https://elotek.pl/regulamin
elotek,8,http://www.elotec.no/
elotek,9,http://www.spidersweb.pl/2014/05/lotto-w-internecie.html
elotek,10,https://www.elotek.com/
elotek,11,https://www.facebook.com/eLotekpl/
elotek,12,https://www.futuremind.com/en/realizacje/elotek/
lotto przez internet,1,https://www.lottoland.com/pl
lotto przez internet,2,https://www.lottoland.com/pl/lotto
lotto przez internet,3,https://www.lottoland.com/pl/loterie
lotto przez internet,4,https://www.lottoland.com/pl/gratis
lotto przez internet,5,https://www.lottoland.com/pl/keno
lotto przez internet,6,https://elotek.pl/
lotto przez internet,7,https://elotek.pl/cennik
lotto przez internet,8,https://elotek.pl/jak-grac
lotto przez internet,9,https://elotek.pl/login/auth
lotto przez internet,10,https://elotek.pl/kontakt
lotto przez internet,11,https://www.3gry.pl/
lotto przez internet,12,https://system12.pl/
lotto przez internet,13,"http://warszawa.naszemiasto.pl/artykul/duze-zmiany-w-losowaniach-lotto-bedzie-mozna-m-in-grac,4008532,art,t,id,tm.html"
lotto przez internet,14,https://lottomania.com.pl/
lotto przez internet,15,"http://finanse.wp.pl/kat,1038021,title,Czy-mozna-grac-w-Lotto-przez-internet,wid,15824670,wiadomosc.html"
lotto przez internet,16,https://kuponylotto.pl/
lotto przez internet,17,"http://www.dziennikzachodni.pl/artykul/1041259,jak-grac-w-lotto-przez-internet-lotto-kaskada-multi-multi-mini-lotto-joker,id,t.html"
lotto przez internet,18,http://www.komputerswiat.pl/nowosci/internet/2009/47/lotto-przez-internet.aspx
play lotto online,1,https://www.national-lottery.co.uk/games/lotto
play lotto online,2,https://www.national-lottery.co.uk/games/lotto-hotpicks
play lotto online,3,https://www.national-lottery.co.uk/games/lotto/about-lotto
play lotto online,4,https://www.national-lottery.co.uk/games/lotto/game-procedures
play lotto online,5,https://www.thelotter.com/lottery-tickets/
play lotto online,6,https://www.playusalotteries.com/
play lotto online,7,https://www.playhugelottos.com/pl/home.html
play lotto online,8,http://www.freelotto.com/preplay.asp
play lotto online,9,https://www.lotplay.pl/
play lotto online,10,https://www.lotterywest.wa.gov.au/play-online/play-now
play lotto online,11,https://www.playnow.com/lottery/
play lotto online,12,http://www.playeurolotto.com/
play lotto online,13,http://www.lottokings.com/
losowanie lotto online,1,http://www.lotto.pl/studio-lotto
losowanie lotto online,2,http://www.wynikilotto.net.pl/transmisjalosowania.htm
losowanie lotto online,3,http://www.xlotto.pl/
losowanie lotto online,4,https://elotek.pl/
losowanie lotto online,5,https://www.thelotter.com/pl/
losowanie lotto online,6,http://www.wynikilotto.com.pl/
losowanie lotto online,7,"http://www.pomorska.pl/lotto/a/losowanie-lotto-do-wygrania-13-milionow-zlotych-wyniki-transmisja-online,10109292/"
losowanie lotto online,8,https://kuponylotto.pl/
losowanie lotto online,9,http://megalotto.pl/transmisje-losowan
losowanie lotto online,10,"http://www.dziennikzachodni.pl/aktualnosci/a/losowanie-lotto-wyniki-29042017-na-zywo-online-lotto-multi-multi-do-wygrania-jest-7-mln-zl,12036036/"
multi multi,1,http://www.lotto.pl/multi-multi
multi multi,2,http://www.lotto.pl/multi-multi/wyniki-i-wygrane
multi multi,3,http://www.lotto.pl/multi-multi/poznaj-swoje-liczby
multi multi,4,http://www.lotto.pl/multi-multi/aktualnosci/1-000-000-zl-w-lotto-plus-w-bydgoszczy-dzis-w-lotto-gramy-nawet-o-17-000-000
multi multi,5,http://ssl.lotto.pl/multi-multi/wyniki-i-wygrane/ostatnie-wyniki
multi multi,6,http://www.lotto.pl/multi-multi/wyniki-i-wygrane/cieple-zimne
multi multi,7,http://www.lotto.pl/multi-multi/wyniki-i-wygrane/sprawdz-wygrane
multi multi,8,http://www.lotto.pl/multi-multi/wyniki-i-wygrane/wyszukaj
multi multi,9,https://www.multipasko.pl/wyniki-lotto/multi-lotek/
multi multi,10,https://www.multipasko.pl/wyniki-lotto/keno/
multi multi,11,https://www.multipasko.pl/wyniki-lotto/duzy-lotek/
multi multi,12,https://www.multipasko.pl/wygrane-lotto/multi-lotek/
multi multi,13,https://www.multipasko.pl/wyniki-lotto/express-lotek/
multi multi,14,http://lotto-centrum.com/multi_multi/wyniki.php5
multi multi,15,http://lotto-centrum.com/multi_multi/lottomat.php5
multi multi,16,http://lotto-centrum.com/multi_multi/chybil-trafil.php5
multi multi,17,http://lotto-centrum.com/multi_multi/statystyka_80_liczb.php5
multi multi,18,http://lotto-centrum.com/multi_multi/tabela_wygranych.php5
multi multi,19,http://megalotto.pl/wyniki/multi-multi
lotplay,1,https://www.lotplay.pl/
lotplay,2,https://lotplay.pl/lotto
lotplay,3,https://lotplay.pl/mini-lotto
lotplay,4,https://lotplay.pl/results
lotplay,5,https://lotplay.pl/contact
lotplay,6,https://lotplay.pl/register
lotplay,7,https://lotplay.pl/login
lotplay,8,https://www.facebook.com/public/P-Lot-Play
lotplay,9,https://www.facebook.com/events/689984611174082/
lotplay,10,https://www.olx.pl/oferty/q-lot-play/
lotplay,11,https://cure.org/2017/02/the-week-in-photos-laugh-a-lot-play-hard/
lotplay,12,https://twitter.com/Friday13thGame/status/850404412275269632
lotplay,13,https://twitter.com/BronnieMusic/status/860589373259210752
wyniki lotto,1,http://www.lotto.pl/lotto/wyniki-i-wygrane
wyniki lotto,2,http://www.lotto.pl/lotto/wyniki-i-wygrane/ostatnie-wyniki
wyniki lotto,3,http://www.lotto.pl/lotto/wyniki-i-wygrane/wygrane
wyniki lotto,4,http://www.lotto.pl/lotto/wyniki-i-wygrane/wyszukaj
wyniki lotto,5,http://www.lotto.pl/lotto/wyniki-i-wygrane/sprawdz-szostke
wyniki lotto,6,http://www.lotto.pl/lotto/wyniki-i-wygrane/sprawdz-wygrane
wyniki lotto,7,http://www.lotto.pl/mini-lotto/wyniki-i-wygrane
wyniki lotto,8,http://www.lotto.pl/
wyniki lotto,9,http://megalotto.pl/
wyniki lotto,10,https://www.multipasko.pl/wyniki-lotto/multi-lotek/
wyniki lotto,11,http://www.gloswielkopolski.pl/wiadomosci/wyniki-lotto/
wyniki lotto,12,http://lotto-centrum.com/
wyniki lotto,13,http://www.wynikilotto.net.pl/
multipasko,1,https://www.multipasko.pl/
multipasko,2,https://www.multipasko.pl/wyniki-lotto/multi-lotek/
multipasko,3,https://www.multipasko.pl/wygrane-lotto/multi-lotek/
multipasko,4,http://forum.multipasko.pl/
multipasko,5,https://www.multipasko.pl/wyniki-lotto/duzy-lotek/
multipasko,6,https://www.multipasko.pl/wyniki-lotto/express-lotek/
multipasko,7,https://www.multipasko.pl/wyniki-lotto/keno/
multipasko,8,https://www.youtube.com/watch?v=1LfJSyt5q-0
multipasko,9,https://www.youtube.com/watch?v=O8NKjduin2U
multipasko,10,https://www.siepomaga.pl/multipasko
multipasko,11,http://www.wykop.pl/tag/multipasko/
multipasko,12,http://www.wykop.pl/tag/multipasko/autor/wykopacz999/archiwum/2016-03/
multipasko,13,"https://www.mbank.pl/forum/uzytkownik,25501,.html"
lotto wyniki,1,http://www.lotto.pl/lotto/wyniki-i-wygrane
lotto wyniki,2,http://www.lotto.pl/lotto/wyniki-i-wygrane/ostatnie-wyniki
lotto wyniki,3,http://www.lotto.pl/lotto/wyniki-i-wygrane/statystyki
lotto wyniki,4,http://www.lotto.pl/lotto/wyniki-i-wygrane/wyszukaj
lotto wyniki,5,http://www.lotto.pl/lotto/aktualnosci
lotto wyniki,6,http://www.lotto.pl/mini-lotto/wyniki-i-wygrane
lotto wyniki,7,http://www.lotto.pl/lotto/wyniki-i-wygrane/sprawdz-wygrane
lotto wyniki,8,http://www.lotto.pl/
lotto wyniki,9,http://megalotto.pl/
lotto wyniki,10,http://www.gloswielkopolski.pl/wiadomosci/wyniki-lotto/
lotto wyniki,11,https://www.multipasko.pl/wyniki-lotto/multi-lotek/
lotto wyniki,12,https://www.multipasko.pl/wyniki-lotto/duzy-lotek/
lotto wyniki,13,http://www.wynikilotto.net.pl/
eurojackpot,1,https://www.eurojackpot.org/en/
eurojackpot,2,https://www.eurojackpot.org/en/results/
eurojackpot,3,https://www.eurojackpot.org/en/eurojackpot-checker/
eurojackpot,4,https://www.eurojackpot.org/en/rules-eurojackpot/
eurojackpot,5,https://www.eurojackpot.org/en/eurojackpot-statistics/
eurojackpot,6,https://www.lottoland.com/en/eurojackpot/results-winning-numbers
eurojackpot,7,https://en.wikipedia.org/wiki/Eurojackpot
eurojackpot,8,https://www.euro-jackpot.net/en/results
eurojackpot,9,https://www.euro-jackpot.net/en/
eurojackpot,10,https://www.eurojackpot.de/
eurojackpot,11,http://eurojackpot.com/
eurojackpot,12,https://www.euro-millions.com/eurojackpot-results
eurojackpot,13,https://www.lutrija.hr/cms/eurojackpot
lottoland,1,https://www.lottoland.com/en
lottoland,2,https://www.lottoland.com/en/lotteries
lottoland,3,https://www.lottoland.com/en/euromillions
lottoland,4,https://www.lottoland.com/en/powerball
lottoland,5,https://www.lottoland.com/en/german-lottery
lottoland,6,http://www.oszustwo.net/lottoland/
lottoland,7,http://www.wiadomosci24.pl/artykul/uwaga_na_lottolandpl_309775.html
lottoland,8,http://www.news.com.au/finance/money/wealth/its-in-the-fine-print--why-your-lotto-ticket-is-not-what-it-seems/news-story/411b8ec4605f8b4995a2aa943f2338e7
lottoland,9,http://www.imdb.com/title/tt0113695/
lottoland,10,http://www.lottoexposed.com/lottoland-com-exposed/
lottoland,11,http://www.insidegambling.com.au/editions/6/feature/what-is-lottoland
lottoland,12,https://itunes.apple.com/au/app/lottoland-bet-on-the-worlds-biggest-lotteries/id1073076844?mt=8
lottoland,13,http://www.igamingbusiness.com/news/lottoland-responds-camelots-false-euromillions-claims
lottoland,14,https://www.championbets.com.au/blog/featured/lottoland/
lotto archiwum,1,http://www.lotto.pl/lotto/wyniki-i-wygrane
lotto archiwum,2,http://www.lotto.pl/lotto/wyniki-i-wygrane/sprawdz-wygrane
lotto archiwum,3,http://www.lotto.pl/lotto/wyniki-i-wygrane/ostatnie-wyniki
lotto archiwum,4,http://www.lotto.pl/lotto/wyniki-i-wygrane/wyszukaj
lotto archiwum,5,http://www.lotto.pl/lotto/wyniki-i-wygrane/wygrane
lotto archiwum,6,http://megalotto.pl/wyniki/lotto
lotto archiwum,7,http://megalotto.pl/wyniki/lotto/losowania-z-roku-1957
lotto archiwum,8,http://megalotto.pl/wyniki/lotto/losowania-z-roku-2015
lotto archiwum,9,http://megalotto.pl/wyniki/lotto/losowania-z-roku-2014
lotto archiwum,10,http://megalotto.pl/wyniki/lotto/losowania-z-roku-2010
lotto archiwum,11,http://www.money.pl/wyniki-lotto/duzy-lotek/archiwum/
lotto archiwum,12,http://www.wynikilotto.net.pl/archiwalnewyniki.htm
lotto archiwum,13,https://www.multipasko.pl/wyniki-lotto/duzy-lotek/
lotto archiwum,14,https://www.multipasko.pl/wyniki-lotto/multi-lotek/
lotto archiwum,15,http://www.duzylotek.net/wynikiduzylotek.php?goto=wyniki
lotto archiwum,16,http://www.duzylotek.net/archiwumwynikow.php?goto=wyniki
lotto archiwum,17,http://www.wynikilotto.com.pl/archiwum/
lotto archiwum,18,http://www.mbnet.com.pl/wyniki.htm
keno wyniki,1,http://www.lotto.pl/keno/wyniki-i-wygrane
keno wyniki,2,http://www.lotto.pl/keno/wyniki-i-wygrane/sprawdz-wygrane
keno wyniki,3,http://www.lotto.pl/keno/wyniki-i-wygrane/wyszukaj
keno wyniki,4,http://www.lotto.pl/keno/wyniki-i-wygrane/wygrane
keno wyniki,5,http://www.lotto.pl/keno/wyniki-i-wygrane/wygrane?order=miasto
keno wyniki,6,http://www.lotto.pl/keno
keno wyniki,7,https://www.multipasko.pl/wyniki-lotto/keno/
keno wyniki,8,https://www.multipasko.pl/wygrane-lotto/keno/
keno wyniki,9,https://www.multipasko.pl/mapy/keno/
keno wyniki,10,https://www.multipasko.pl/typowania/keno/
keno wyniki,11,http://www.wynikilotto.net.pl/archiwalnewynikikeno-500.htm
keno wyniki,12,http://lotto-centrum.com/keno-tabela_wygranych.php5
keno wyniki,13,http://www.expressilustrowany.pl/tag/wyniki-lotto-keno.html
keno wyniki,14,http://www.expressilustrowany.pl/tag/wyniki-keno/
keno wyniki,15,http://www.gloswielkopolski.pl/tag/keno-wyniki/
keno wyniki,16,http://lotto.onet.pl/keno/wyniki
najcz??ciej losowane liczby w mini lotto,1,http://www.minilotto.net/statystyki-mini-lotto
najcz??ciej losowane liczby w mini lotto,2,http://www.mbnet.com.pl/statystyki.htm
najcz??ciej losowane liczby w mini lotto,3,http://www.mbnet.com.pl/typy.htm
najcz??ciej losowane liczby w mini lotto,4,http://lotto-centrum.com/mini_lotto/statystyki_automatyczne.php5
najcz??ciej losowane liczby w mini lotto,5,http://www.tolotto.pl/najczesciej-wystepujace-liczby/mini-lotto
najcz??ciej losowane liczby w mini lotto,6,https://lottotrendy.wordpress.com/2010/04/05/najczesciej-losowane-liczby-w-mini-lotto-statystyka-z-34-losowan-wykonana-w-poniedzialek-05-kwietnia-2010/
najcz??ciej losowane liczby w mini lotto,7,http://forum.multipasko.pl/n_viewtopic.php?id=3681
najcz??ciej losowane liczby w mini lotto,8,http://www.lotto.pl/multi-multi/wyniki-i-wygrane/cieple-zimne
najcz??ciej losowane liczby w mini lotto,9,https://www.lottoland.com/pl/magazyn/marzec-spod-znaku-mini-lotto.html
najcz??ciej losowane liczby w mini lotto,10,http://eurotypy.pl/category.php?id_category=68
jak zglosic sie do milionerow,1,http://milionerzy.tvn.pl/
jak zglosic sie do milionerow,2,http://milionerzy.tvn.pl/odcinki-online
jak zglosic sie do milionerow,3,"http://milionerzy.tvn.pl/milionerzy,223453,n.html"
jak zglosic sie do milionerow,4,"http://milionerzy.tvn.pl/aktualnosci,3387,n"
jak zglosic sie do milionerow,5,"http://milionerzy.tvn.pl/wideo,3389,v"
jak zglosic sie do milionerow,6,http://www.telemagazyn.pl/artykuly/milionerzy-w-2017-roku-zglos-sie-na-casting-aby-wygrac-milion-zlotych-wideo-zdjecia-54899.html
jak zglosic sie do milionerow,7,"http://natemat.pl/199879,i-ty-mozesz-zostac-milionerem-czyli-co-trzeba-zrobic-by-dostac-sie-do-kultowego-programu"
jak zglosic sie do milionerow,8,http://maciejwojtas.pl/milionerzy/
jak zglosic sie do milionerow,9,http://archiwum.radiozet.pl/Rozrywka/O-tym-sie-mowi/Castingi-do-Milionerow-TVN-z-Hubertem-Urbanskim-ruszyly.-Kiedy-i-gdzie-00034443
jak zglosic sie do milionerow,10,http://satinfo24.pl/zglos-sie-nowej-edycji-programu-milionerzy/
jak zglosic sie do milionerow,11,https://pl-pl.facebook.com/tvnpl/posts/1397884570223078
jak zglosic sie do milionerow,12,"http://zapytaj.onet.pl/Category/026,001/2,30538773,Jak_zglosic_sie_do_programu_milionerzy_.html"
jak zglosic sie do milionerow,13,http://www.se.pl/rozrywka/teleshow/chcesz-zostac-bogaczem-ruszyl-casting-do-milionerow_928957.html
jak zglosic sie do milionerow,14,https://www.youtube.com/watch?v=3ZNSd3Ax0jw
wyniki lotto csv,1,http://www.mbnet.com.pl/wyniki.htm
wyniki lotto csv,2,https://www.multipasko.pl/wyniki-lotto/duzy-lotek/
wyniki lotto csv,3,http://www.wynikilotto.net.pl/archiwalnewyniki.htm
wyniki lotto csv,4,http://megalotto.pl/wyniki/lotto
wyniki lotto csv,5,http://www.pewniaki.pl/duzy.htm
wyniki lotto csv,6,http://goldenlotto.pl/
wyniki lotto csv,7,http://46.105.25.174/n_viewtopic.php?id=4003&page=2
wyniki lotto csv,8,http://www.cichy.net.pl/lotto.html
wyniki lotto csv,9,http://www.mojduzylotek.pl/
wyniki lotto csv,10,http://www.flashscore.pl/pilka-nozna/polska/ekstraklasa/
lotto grupowe,1,https://system12.pl/Game/Group
lotto grupowe,2,https://elotek.pl/gry-grupowe
lotto grupowe,3,https://kuponylotto.pl/gra-grupowa
lotto grupowe,4,https://www.thelotter.com/pl/lotto-w-grupie/
lotto grupowe,5,https://www.lottoland.com/pl/magazyn/poznaj-syndykaty-lotto-czyli-zaklady-grupowe-w-lottoland.html
lotto grupowe,6,http://www.clublotto.pl/
lotto grupowe,7,https://lotplay.pl/lotto/group
lotto grupowe,8,https://lotplay.pl/mini-lotto/group
lotto grupowe,9,http://www.najwiekszelotto.pl/grupowe-lotto/
lotto grupowe,10,http://jakwygracwlottoprzezinternet.pl/grupowa-gra-lotto-syndykat-spoldzielnia/
keno,1,http://www.lotto.pl/keno
keno,2,http://www.lotto.pl/keno/wyniki-i-wygrane
keno,3,http://www.lotto.pl/keno/symulator
keno,4,http://www.lotto.pl/keno/aktualnosci
keno,5,http://www.lotto.pl/keno/poznaj-swoje-liczby
keno,6,http://www.lotto.pl/keno/wyniki-i-wygrane/sprawdz-wygrane
keno,7,http://www.lotto.pl/keno/wyniki-i-wygrane/wyszukaj
keno,8,http://www.lotto.pl/keno/wyniki-i-wygrane/wygrane
keno,9,http://www.lotto.pl/keno/wyniki-i-wygrane/wygrane?order=miasto
keno,10,https://www.multipasko.pl/wyniki-lotto/keno/
keno,11,https://en.wikipedia.org/wiki/Keno
keno,12,http://lotto.bclc.com/winning-numbers/keno-and-keno-bonus.html
keno,13,https://www.oregonlottery.org/games/draw-games/keno/past-results
keno,14,http://www.masslottery.com/games/keno.html
keno,15,https://www.keno.com.au/
keno,16,https://mylotto.co.nz/keno
system mini lotto na 20 liczb,1,http://www.duzylotek.net/system20liczb10zakladowdl.php?goto=systemydl
system mini lotto na 20 liczb,2,http://www.forumlotto.pl/viewtopic.php?t=3200
system mini lotto na 20 liczb,3,http://www.forumlotto.pl/viewtopic.php?t=662
system mini lotto na 20 liczb,4,http://www.forumlotto.pl/viewtopic.php?t=611
system mini lotto na 20 liczb,5,http://forum.multipasko.pl/n_viewtopic.php?id=2287
system mini lotto na 20 liczb,6,http://forum.multipasko.pl/n_viewtopic.php?id=4023
system mini lotto na 20 liczb,7,http://forum.multipasko.pl/n_viewtopic.php?id=3401
system mini lotto na 20 liczb,8,http://forum.multipasko.pl/n_viewtopic.php?id=3025
system mini lotto na 20 liczb,9,http://forum.multipasko.pl/n_viewtopic.php?id=2531&page=5
system mini lotto na 20 liczb,10,http://46.105.25.174/n_viewtopic.php?id=4489&page=2&sort=&dir=
system mini lotto na 20 liczb,11,https://www.forum.bukmacherskie.com/f18/systemy-do-mini-lotto-na-14-liczb-37763.html
system mini lotto na 20 liczb,12,http://eurotypy.pl/product.php?id_product=1264
system mini lotto na 20 liczb,13,https://www.lottoland.com/pl/magazyn/mini-lotto-system-sekret-wielu-zwyciezcow.html
system mini lotto na 20 liczb,14,http://grzegorzdeuter.pl/systemy-lotto/
system mini lotto na 20 liczb,15,http://lc.yum.pl/forum/viewtopic.php?f=9&t=595
system mini lotto na 20 liczb,16,http://totomajster.republika.pl/nowe_systemy.htm
aktualne wyniki lotto,1,http://www.wynikilotto.com.pl/
aktualne wyniki lotto,2,http://www.wynikilotto.com.pl/archiwum/
aktualne wyniki lotto,3,http://www.wynikilotto.com.pl/pokaz-typujacych/
aktualne wyniki lotto,4,http://www.wynikilotto.com.pl/wygraniomierz/
aktualne wyniki lotto,5,http://www.wynikilotto.com.pl/regulamin-typowanie/
aktualne wyniki lotto,6,http://www.lotto.pl/lotto/wyniki-i-wygrane
aktualne wyniki lotto,7,http://www.lotto.pl/lotto/wyniki-i-wygrane/sprawdz-wygrane
aktualne wyniki lotto,8,http://www.lotto.pl/lotto/wyniki-i-wygrane/ostatnie-wyniki
aktualne wyniki lotto,9,http://www.lotto.pl/lotto/wyniki-i-wygrane/wyszukaj
aktualne wyniki lotto,10,http://www.lotto.pl/lotto/wyniki-i-wygrane/wygrane
aktualne wyniki lotto,11,http://lotto-centrum.com/
aktualne wyniki lotto,12,https://www.multipasko.pl/wyniki-lotto/multi-lotek/
aktualne wyniki lotto,13,https://www.multipasko.pl/wyniki-lotto/duzy-lotek/
aktualne wyniki lotto,14,http://www.wynikilotto.net.pl/
aktualne wyniki lotto,15,http://megalotto.pl/wyniki/lotto
aktualne wyniki lotto,16,http://megalotto.pl/
aktualne wyniki lotto,17,http://lotto.interia.pl/
lotto pl,1,http://www.lotto.pl/
lotto pl,2,http://www.lotto.pl/lotto/wyniki-i-wygrane
lotto pl,3,http://www.lotto.pl/multi-multi
lotto pl,4,http://www.lotto.pl/lotto
lotto pl,5,http://www.lotto.pl/kaskada
lotto pl,6,http://www.lotto.pl/mini-lotto
lotto pl,7,http://www.lotto.pl/ekstra-pensja
lotto pl,8,http://megalotto.pl/
lotto pl,9,http://megalotto.pl/wyniki/lotto
lotto pl,10,http://www.wynikilotto.com.pl/
lotto pl,11,http://www.xlotto.pl/
lotto pl,12,https://www.multipasko.pl/
lotto pl,13,http://www.wynikilotto.net.pl/
www lotto pl,1,http://www.lotto.pl/
www lotto pl,2,http://www.lotto.pl/lotto/wyniki-i-wygrane
www lotto pl,3,http://www.lotto.pl/mini-lotto
www lotto pl,4,http://www.lotto.pl/lotto
www lotto pl,5,http://www.lotto.pl/ekstra-pensja
www lotto pl,6,http://www.lotto.pl/multi-multi
www lotto pl,7,http://www.lotto.pl/kaskada
www lotto pl,8,http://megalotto.pl/
www lotto pl,9,http://www.xlotto.pl/
www lotto pl,10,http://www.wynikilotto.com.pl/
www lotto pl,11,http://www.wynikilotto.net.pl/
www lotto pl,12,http://www.wynikilotto.net.pl/transmisjalosowania.htm
www lotto pl,13,http://www.duzylotek.net/
du?y lotek,1,https://www.multipasko.pl/wyniki-lotto/duzy-lotek/
du?y lotek,2,http://www.duzylotek.net/
du?y lotek,3,http://www.money.pl/wyniki-lotto/duzy-lotek/wygrane/
du?y lotek,4,http://www.money.pl/wyniki-lotto/duzy-lotek/
du?y lotek,5,http://www.lotto.pl/lotto/wyniki-i-wygrane
du?y lotek,6,http://www.lotto.pl/lotto/wyniki-i-wygrane/sprawdz-wygrane
du?y lotek,7,http://www.lotto.pl/lotto/wyniki-i-wygrane/ostatnie-wyniki
du?y lotek,8,http://www.lotto.pl/lotto/wyniki-i-wygrane/wyszukaj
du?y lotek,9,http://www.lotto.pl/lotto/wyniki-i-wygrane/wygrane
du?y lotek,10,"http://warszawa.naszemiasto.pl/artykul/lotto-wyniki-losowanie-14-03-2017-liczby-wylosowane-numery,4048008,artgal,t,id,tm.html"
du?y lotek,11,"http://warszawa.naszemiasto.pl/artykul/lotto-wyniki-3-12-2016-liczby-wylosowane-numery-duzy-lotek,3939133,artgal,t,id,tm.html"
du?y lotek,12,https://www.thelotter.com/pl/lotto-wyniki/polska-lotto/
du?y lotek,13,http://www.pewniaki.pl/duzy.htm
du?y lotek,14,https://elotek.pl/
3gry pl,1,https://www.3gry.pl/
3gry pl,2,https://www.3gry.pl/sms.html
3gry pl,3,https://www.3gry.pl/page/terms.html
3gry pl,4,https://www.3gry.pl/login.html
3gry pl,5,https://www.3gry.pl/chief/play.html
3gry pl,6,https://www.3gry.pl/page/news.html
3gry pl,7,https://www.3gry.pl/partner
3gry pl,8,"http://gadzetomania.pl/29998,3gry-pl-zagraj-w-totka-przez-internet"
3gry pl,9,https://media2.pl/l/n/66999
3gry pl,10,"http://finanse.wp.pl/kat,1038021,title,Czy-mozna-grac-w-Lotto-przez-internet,wid,15824670,wiadomosc.html"
3gry pl,11,http://www.komputerswiat.pl/nowosci/internet/2009/47/lotto-przez-internet.aspx
3gry pl,12,https://pl-pl.facebook.com/3grypl/
3gry pl,13,https://pl-pl.facebook.com/media/set/?set=a.541424452550137.143114.116455488380371&type=3
analiza lotto,1,http://www.softsite.pl/analiza/
analiza lotto,2,http://lotto-centrum.com/lotto/statystyka_49_liczb.php5
analiza lotto,3,http://www.wynikilotto.net.pl/programy.htm
analiza lotto,4,https://www.multipasko.pl/programy/multipairs/
analiza lotto,5,http://www.mojduzylotek.pl/
analiza lotto,6,"http://www.przegladsportowy.pl/pilka-nozna/lotto-ekstraklasa,analiza-37-kolejki-lotto-ekstraklasy-szanse-na-mistrzostwo-polski,artykul,787669,1,381.html"
analiza lotto,7,http://wmii.uwm.edu.pl/~germaniuk/Duzy%20lotto/Analiza%20%20trafie%C5%84%20%20w%20du%C5%BCym%20lotto.doc
analiza lotto,8,http://www.elektroda.pl/rtvforum/topic2386403.html
analiza lotto,9,http://www.cichy.net.pl/analizy-lotto.html
analiza lotto,10,http://www.informacja.pl/lotto/index.php?go=ciekawostki
sms typ,1,http://www.smscreator.de/t-smstypen.aspx
sms typ,2,http://smstip.net/pl/
sms typ,3,https://www.facebook.com/public/Sms-Typ
sms typ,4,https://sklep.tubes-international.pl/pl-PL/produkt/10488/219/Zlacza-nierdzewne-higieniczne-SMS/Nakretka-SMS-stal-nierdzewna-typ-SN
sms typ,5,https://pl.wikipedia.org/wiki/CSMS
sms typ,6,http://www.spidersweb.pl/2014/12/prenumerata-sms-aktywacja-przez-internet.html
sms typ,7,http://www.trajdos.pl/2014/02/sms-z-polskimi-znakami-jest-bardzo-dlugi-sposob-rozwiazania-problemu/
sms typ,8,http://sms-typ.bloog.pl/
sms typ,9,https://www.reviversoft.com/pl/file-extensions/sms
sms typ,10,http://www.elektroda.pl/rtvforum/topic3181126.html
